-- MySQL dump 10.13  Distrib 5.6.22, for osx10.8 (x86_64)
--
-- Host: 127.0.0.1    Database: opengest
-- ------------------------------------------------------
-- Server version	5.6.24

/*!40101 SET @OLD_CHARACTER_SET_CLIENT=@@CHARACTER_SET_CLIENT */;
/*!40101 SET @OLD_CHARACTER_SET_RESULTS=@@CHARACTER_SET_RESULTS */;
/*!40101 SET @OLD_COLLATION_CONNECTION=@@COLLATION_CONNECTION */;
/*!40101 SET NAMES utf8 */;
/*!40103 SET @OLD_TIME_ZONE=@@TIME_ZONE */;
/*!40103 SET TIME_ZONE='+00:00' */;
/*!40014 SET @OLD_UNIQUE_CHECKS=@@UNIQUE_CHECKS, UNIQUE_CHECKS=0 */;
/*!40014 SET @OLD_FOREIGN_KEY_CHECKS=@@FOREIGN_KEY_CHECKS, FOREIGN_KEY_CHECKS=0 */;
/*!40101 SET @OLD_SQL_MODE=@@SQL_MODE, SQL_MODE='NO_AUTO_VALUE_ON_ZERO' */;
/*!40111 SET @OLD_SQL_NOTES=@@SQL_NOTES, SQL_NOTES=0 */;

--
-- Table structure for table `auth_authorities`
--

DROP TABLE IF EXISTS `auth_authorities`;
/*!40101 SET @saved_cs_client     = @@character_set_client */;
/*!40101 SET character_set_client = utf8 */;
CREATE TABLE `auth_authorities` (
  `role_desc` varchar(45) NOT NULL,
  `role_name` varchar(45) NOT NULL,
  `version` int(11) DEFAULT NULL,
  `function_desc` varchar(255) DEFAULT NULL,
  `id` bigint(20) DEFAULT NULL,
  PRIMARY KEY (`role_name`),
  UNIQUE KEY `IDX_ROLENAME` (`role_name`)
) ENGINE=InnoDB DEFAULT CHARSET=latin1;
/*!40101 SET character_set_client = @saved_cs_client */;

--
-- Dumping data for table `auth_authorities`
--

LOCK TABLES `auth_authorities` WRITE;
/*!40000 ALTER TABLE `auth_authorities` DISABLE KEYS */;
INSERT INTO `auth_authorities` VALUES ('Ruolo per amministrazione CRM','ROLE_ADMIN',NULL,NULL,NULL),('Ruolo accesso clienti','ROLE_CUSTOMER',NULL,NULL,NULL),('Ruolo amministratore utenti','ROLE_SUPERUSER',NULL,NULL,NULL);
/*!40000 ALTER TABLE `auth_authorities` ENABLE KEYS */;
UNLOCK TABLES;

--
-- Table structure for table `auth_group_authorities`
--

DROP TABLE IF EXISTS `auth_group_authorities`;
/*!40101 SET @saved_cs_client     = @@character_set_client */;
/*!40101 SET character_set_client = utf8 */;
CREATE TABLE `auth_group_authorities` (
  `group_id` int(11) NOT NULL DEFAULT '0',
  `authority` varchar(45) NOT NULL,
  KEY `FK771BA1611C704C6C` (`authority`),
  KEY `FK_AUTH` (`authority`),
  KEY `FK771BA16186665666` (`group_id`),
  CONSTRAINT `FK771BA1611C704C6C` FOREIGN KEY (`authority`) REFERENCES `auth_authorities` (`role_name`) ON DELETE CASCADE ON UPDATE NO ACTION,
  CONSTRAINT `FK771BA16186665666` FOREIGN KEY (`group_id`) REFERENCES `auth_groups` (`id`) ON DELETE NO ACTION ON UPDATE NO ACTION
) ENGINE=InnoDB DEFAULT CHARSET=latin1;
/*!40101 SET character_set_client = @saved_cs_client */;

--
-- Dumping data for table `auth_group_authorities`
--

LOCK TABLES `auth_group_authorities` WRITE;
/*!40000 ALTER TABLE `auth_group_authorities` DISABLE KEYS */;
INSERT INTO `auth_group_authorities` VALUES (2,'ROLE_SUPERUSER'),(3,'ROLE_ADMIN'),(4,'ROLE_CUSTOMER');
/*!40000 ALTER TABLE `auth_group_authorities` ENABLE KEYS */;
UNLOCK TABLES;

--
-- Table structure for table `auth_group_members`
--

DROP TABLE IF EXISTS `auth_group_members`;
/*!40101 SET @saved_cs_client     = @@character_set_client */;
/*!40101 SET character_set_client = utf8 */;
CREATE TABLE `auth_group_members` (
  `id` bigint(20) unsigned NOT NULL AUTO_INCREMENT,
  `id_utente` int(10) unsigned NOT NULL,
  `group_id` int(11) NOT NULL,
  PRIMARY KEY (`id`),
  KEY `FK3B9C7759AA46D2B7` (`group_id`),
  KEY `FKMEMBERSUSERS_idx` (`id_utente`),
  CONSTRAINT `FKGROUPS` FOREIGN KEY (`group_id`) REFERENCES `auth_groups` (`id`) ON DELETE NO ACTION ON UPDATE NO ACTION,
  CONSTRAINT `FKUSERS` FOREIGN KEY (`id_utente`) REFERENCES `utenti` (`id_utente`) ON DELETE NO ACTION ON UPDATE NO ACTION
) ENGINE=InnoDB AUTO_INCREMENT=27 DEFAULT CHARSET=latin1;
/*!40101 SET character_set_client = @saved_cs_client */;

--
-- Dumping data for table `auth_group_members`
--

LOCK TABLES `auth_group_members` WRITE;
/*!40000 ALTER TABLE `auth_group_members` DISABLE KEYS */;
INSERT INTO `auth_group_members` VALUES (25,1,2),(26,1,3);
/*!40000 ALTER TABLE `auth_group_members` ENABLE KEYS */;
UNLOCK TABLES;

--
-- Table structure for table `auth_groups`
--

DROP TABLE IF EXISTS `auth_groups`;
/*!40101 SET @saved_cs_client     = @@character_set_client */;
/*!40101 SET character_set_client = utf8 */;
CREATE TABLE `auth_groups` (
  `id` int(11) NOT NULL AUTO_INCREMENT,
  `description` varchar(45) DEFAULT NULL,
  `group_name` varchar(45) DEFAULT NULL,
  `version` int(11) DEFAULT NULL,
  PRIMARY KEY (`id`),
  UNIQUE KEY `IDX_GROUPNAME` (`group_name`),
  UNIQUE KEY `UK_97m2i8eyt2btjs9l9rdu1cjn` (`group_name`)
) ENGINE=InnoDB AUTO_INCREMENT=5 DEFAULT CHARSET=latin1;
/*!40101 SET character_set_client = @saved_cs_client */;

--
-- Dumping data for table `auth_groups`
--

LOCK TABLES `auth_groups` WRITE;
/*!40000 ALTER TABLE `auth_groups` DISABLE KEYS */;
INSERT INTO `auth_groups` VALUES (2,'Superuser','SUPERUSER',NULL),(3,'Admin','ADMIN',NULL),(4,'Customer',NULL,NULL);
/*!40000 ALTER TABLE `auth_groups` ENABLE KEYS */;
UNLOCK TABLES;

--
-- Table structure for table `clienti`
--

DROP TABLE IF EXISTS `clienti`;
/*!40101 SET @saved_cs_client     = @@character_set_client */;
/*!40101 SET character_set_client = utf8 */;
CREATE TABLE `clienti` (
  `id_cliente` int(10) unsigned NOT NULL AUTO_INCREMENT,
  `codice` varchar(45) NOT NULL,
  `rag_soc` varchar(45) NOT NULL,
  `piva` mediumtext NOT NULL,
  `version` int(11) DEFAULT '0',
  PRIMARY KEY (`id_cliente`)
) ENGINE=InnoDB AUTO_INCREMENT=7 DEFAULT CHARSET=latin1;
/*!40101 SET character_set_client = @saved_cs_client */;

--
-- Dumping data for table `clienti`
--

LOCK TABLES `clienti` WRITE;
/*!40000 ALTER TABLE `clienti` DISABLE KEYS */;
INSERT INTO `clienti` VALUES (1,'OPGCL1','Zucchetti srl','12325456325',0),(6,'CLI006','Cliente molto importsnte','12325456325',0);
/*!40000 ALTER TABLE `clienti` ENABLE KEYS */;
UNLOCK TABLES;

--
-- Table structure for table `customer_contract`
--

DROP TABLE IF EXISTS `customer_contract`;
/*!40101 SET @saved_cs_client     = @@character_set_client */;
/*!40101 SET character_set_client = utf8 */;
CREATE TABLE `customer_contract` (
  `id_contract` int(11) NOT NULL,
  `date_start` datetime NOT NULL,
  `protocol` varchar(45) NOT NULL,
  `amount` decimal(10,0) DEFAULT NULL,
  `date_end` datetime DEFAULT NULL,
  `notes` varchar(250) DEFAULT NULL,
  PRIMARY KEY (`id_contract`)
) ENGINE=InnoDB DEFAULT CHARSET=latin1;
/*!40101 SET character_set_client = @saved_cs_client */;

--
-- Dumping data for table `customer_contract`
--

LOCK TABLES `customer_contract` WRITE;
/*!40000 ALTER TABLE `customer_contract` DISABLE KEYS */;
INSERT INTO `customer_contract` VALUES (12,'2015-06-15 00:00:00','CC01',NULL,'2015-09-23 00:00:00','Contratto per la consulenza Java'),(13,'2015-06-15 00:00:00','CC01',NULL,'2015-09-23 00:00:00','Contratto per la consulenza Java'),(14,'2015-06-15 00:00:00','CC01',NULL,'2015-09-23 00:00:00','Contratto per la consulenza Java'),(15,'2015-06-15 00:00:00','CC01',NULL,'2015-09-23 00:00:00','Contratto per la consulenza Java'),(16,'2015-06-15 00:00:00','CC01',NULL,'2015-09-23 00:00:00','Contratto per la consulenza Java'),(20,'2015-06-15 00:00:00','CC01',NULL,'2015-09-23 00:00:00','Contratto per la consulenza Java'),(21,'2015-06-15 00:00:00','CC01',NULL,'2015-09-23 00:00:00','Contratto per la consulenza Java'),(22,'2015-06-15 00:00:00','CC01',NULL,'2015-09-23 00:00:00','Contratto per la consulenza Java');
/*!40000 ALTER TABLE `customer_contract` ENABLE KEYS */;
UNLOCK TABLES;

--
-- Table structure for table `ordini`
--

DROP TABLE IF EXISTS `ordini`;
/*!40101 SET @saved_cs_client     = @@character_set_client */;
/*!40101 SET character_set_client = utf8 */;
CREATE TABLE `ordini` (
  `id_ordine` int(10) unsigned NOT NULL AUTO_INCREMENT,
  `id_cliente` int(10) unsigned DEFAULT NULL,
  `id_prodotto` int(10) unsigned DEFAULT NULL,
  `ammontare` decimal(10,2) NOT NULL,
  `data_ordine` datetime NOT NULL,
  `quantita` int(10) unsigned NOT NULL,
  `version` int(11) DEFAULT '0',
  PRIMARY KEY (`id_ordine`),
  KEY `index_2` (`id_cliente`),
  KEY `index_3` (`id_prodotto`),
  CONSTRAINT `FK_ordini_1` FOREIGN KEY (`id_cliente`) REFERENCES `clienti` (`id_cliente`) ON DELETE NO ACTION,
  CONSTRAINT `FK_ordini_2` FOREIGN KEY (`id_prodotto`) REFERENCES `prodotti` (`id_prodotto`) ON DELETE NO ACTION
) ENGINE=InnoDB AUTO_INCREMENT=108894 DEFAULT CHARSET=latin1;
/*!40101 SET character_set_client = @saved_cs_client */;

--
-- Dumping data for table `ordini`
--

LOCK TABLES `ordini` WRITE;
/*!40000 ALTER TABLE `ordini` DISABLE KEYS */;
INSERT INTO `ordini` VALUES (1,1,2,10.00,'2015-06-13 00:00:00',100,0),(107042,6,1,10.00,'2015-06-23 00:00:00',1,0),(107044,1,1,10.00,'2015-06-23 00:00:00',1,0),(107045,1,1,10.00,'2015-06-23 00:00:00',1,0),(107046,1,1,10.00,'2015-06-23 00:00:00',1,0),(107047,1,1,10.00,'2015-06-23 00:00:00',1,0),(107048,1,1,10.00,'2015-06-23 00:00:00',1,0),(107049,1,1,10.00,'2015-06-23 00:00:00',1,0),(107050,1,1,10.00,'2015-06-23 00:00:00',1,0),(107051,1,1,10.00,'2015-06-23 00:00:00',1,0),(107052,1,1,10.00,'2015-06-23 00:00:00',1,0),(107053,1,1,10.00,'2015-06-23 00:00:00',1,0),(107054,1,1,10.00,'2015-06-23 00:00:00',1,0),(107055,1,1,10.00,'2015-06-23 00:00:00',1,0),(107056,1,1,10.00,'2015-06-23 00:00:00',1,0),(107057,1,1,10.00,'2015-06-23 00:00:00',1,0),(107058,1,1,10.00,'2015-06-23 00:00:00',1,0),(107059,1,1,10.00,'2015-06-23 00:00:00',1,0),(107060,1,1,10.00,'2015-06-23 00:00:00',1,0),(107061,1,1,10.00,'2015-06-23 00:00:00',1,0),(107062,1,1,10.00,'2015-06-23 00:00:00',1,0),(107063,1,1,10.00,'2015-06-23 00:00:00',1,0),(107064,1,1,10.00,'2015-06-23 00:00:00',1,0),(107065,1,1,10.00,'2015-06-23 00:00:00',1,0),(107066,1,1,10.00,'2015-06-23 00:00:00',1,0),(107067,1,1,10.00,'2015-06-23 00:00:00',1,0),(107068,1,1,10.00,'2015-06-23 00:00:00',1,0),(107069,1,1,10.00,'2015-06-23 00:00:00',1,0),(107070,1,1,10.00,'2015-06-23 00:00:00',1,0),(107071,1,1,10.00,'2015-06-23 00:00:00',1,0),(107072,1,1,10.00,'2015-06-23 00:00:00',1,0),(107073,1,1,10.00,'2015-06-23 00:00:00',1,0),(107074,1,1,10.00,'2015-06-23 00:00:00',1,0),(107075,1,1,10.00,'2015-06-23 00:00:00',1,0),(107076,1,1,10.00,'2015-06-23 00:00:00',1,0),(107077,1,1,10.00,'2015-06-23 00:00:00',1,0),(107078,1,1,10.00,'2015-06-23 00:00:00',1,0),(107079,1,1,10.00,'2015-06-23 00:00:00',1,0),(107080,1,1,10.00,'2015-06-23 00:00:00',1,0),(107081,1,1,10.00,'2015-06-23 00:00:00',1,0),(107082,1,1,10.00,'2015-06-23 00:00:00',1,0),(107083,1,1,10.00,'2015-06-23 00:00:00',1,0),(107084,1,1,10.00,'2015-06-23 00:00:00',1,0),(107085,1,1,10.00,'2015-06-23 00:00:00',1,0),(107086,1,1,10.00,'2015-06-23 00:00:00',1,0),(107087,1,1,10.00,'2015-06-23 00:00:00',1,0),(107088,1,1,10.00,'2015-06-23 00:00:00',1,0),(107089,1,1,10.00,'2015-06-23 00:00:00',1,0),(107090,1,1,10.00,'2015-06-23 00:00:00',1,0),(107091,1,1,10.00,'2015-06-23 00:00:00',1,0),(107092,1,1,10.00,'2015-06-23 00:00:00',1,0),(107093,1,1,10.00,'2015-06-23 00:00:00',1,0),(107094,1,1,10.00,'2015-06-23 00:00:00',1,0),(107095,1,1,10.00,'2015-06-23 00:00:00',1,0),(107096,1,1,10.00,'2015-06-23 00:00:00',1,0),(107097,1,1,10.00,'2015-06-23 00:00:00',1,0),(107098,1,1,10.00,'2015-06-23 00:00:00',1,0),(107099,1,1,10.00,'2015-06-23 00:00:00',1,0),(107100,1,1,10.00,'2015-06-23 00:00:00',1,0),(107101,1,1,10.00,'2015-06-23 00:00:00',1,0),(107102,1,1,10.00,'2015-06-23 00:00:00',1,0),(107103,1,1,10.00,'2015-06-23 00:00:00',1,0),(107104,1,1,10.00,'2015-06-23 00:00:00',1,0),(107105,1,1,10.00,'2015-06-23 00:00:00',1,0),(107106,1,1,10.00,'2015-06-23 00:00:00',1,0),(107107,1,1,10.00,'2015-06-23 00:00:00',1,0),(107108,1,1,10.00,'2015-06-23 00:00:00',1,0),(107109,1,1,10.00,'2015-06-23 00:00:00',1,0),(107110,1,1,10.00,'2015-06-23 00:00:00',1,0),(107111,1,1,10.00,'2015-06-23 00:00:00',1,0),(107112,1,1,10.00,'2015-06-23 00:00:00',1,0),(107113,1,1,10.00,'2015-06-23 00:00:00',1,0),(107114,1,1,10.00,'2015-06-23 00:00:00',1,0),(107115,1,1,10.00,'2015-06-23 00:00:00',1,0),(107116,1,1,10.00,'2015-06-23 00:00:00',1,0),(107117,1,1,10.00,'2015-06-23 00:00:00',1,0),(107118,1,1,10.00,'2015-06-23 00:00:00',1,0),(107119,1,1,10.00,'2015-06-23 00:00:00',1,0),(107120,1,1,10.00,'2015-06-23 00:00:00',1,0),(107121,1,1,10.00,'2015-06-23 00:00:00',1,0),(107122,1,1,10.00,'2015-06-23 00:00:00',1,0),(107123,1,1,10.00,'2015-06-23 00:00:00',1,0),(107124,1,1,10.00,'2015-06-23 00:00:00',1,0),(107125,1,1,10.00,'2015-06-23 00:00:00',1,0),(107126,1,1,10.00,'2015-06-23 00:00:00',1,0),(107127,1,1,10.00,'2015-06-23 00:00:00',1,0),(107128,1,1,10.00,'2015-06-23 00:00:00',1,0),(107129,1,1,10.00,'2015-06-23 00:00:00',1,0),(107130,1,1,10.00,'2015-06-23 00:00:00',1,0),(107131,1,1,10.00,'2015-06-23 00:00:00',1,0),(107132,1,1,10.00,'2015-06-23 00:00:00',1,0),(107133,1,1,10.00,'2015-06-23 00:00:00',1,0),(107134,1,1,10.00,'2015-06-23 00:00:00',1,0),(107135,1,1,10.00,'2015-06-23 00:00:00',1,0),(107136,1,1,10.00,'2015-06-23 00:00:00',1,0),(107137,1,1,10.00,'2015-06-23 00:00:00',1,0),(107138,1,1,10.00,'2015-06-23 00:00:00',1,0),(107139,1,1,10.00,'2015-06-23 00:00:00',1,0),(107140,1,1,10.00,'2015-06-23 00:00:00',1,0),(107141,1,1,10.00,'2015-06-23 00:00:00',1,0),(107142,1,1,10.00,'2015-06-23 00:00:00',1,0),(107143,1,1,10.00,'2015-06-23 00:00:00',1,0),(107144,1,1,10.00,'2015-06-23 00:00:00',1,0),(107145,1,1,10.00,'2015-06-23 00:00:00',1,0),(107146,1,1,10.00,'2015-06-23 00:00:00',1,0),(107147,1,1,10.00,'2015-06-23 00:00:00',1,0),(107148,1,1,10.00,'2015-06-23 00:00:00',1,0),(107149,1,1,10.00,'2015-06-23 00:00:00',1,0),(107150,1,1,10.00,'2015-06-23 00:00:00',1,0),(107151,1,1,10.00,'2015-06-23 00:00:00',1,0),(107152,1,1,10.00,'2015-06-23 00:00:00',1,0),(107153,1,1,10.00,'2015-06-23 00:00:00',1,0),(107154,1,1,10.00,'2015-06-23 00:00:00',1,0),(107155,1,1,10.00,'2015-06-23 00:00:00',1,0),(107156,1,1,10.00,'2015-06-23 00:00:00',1,0),(107157,1,1,10.00,'2015-06-23 00:00:00',1,0),(107158,1,1,10.00,'2015-06-23 00:00:00',1,0),(107159,1,1,10.00,'2015-06-23 00:00:00',1,0),(107160,1,1,10.00,'2015-06-23 00:00:00',1,0),(107161,1,1,10.00,'2015-06-23 00:00:00',1,0),(107162,1,1,10.00,'2015-06-23 00:00:00',1,0),(107163,1,1,10.00,'2015-06-23 00:00:00',1,0),(107164,1,1,10.00,'2015-06-23 00:00:00',1,0),(107165,1,1,10.00,'2015-06-23 00:00:00',1,0),(107166,1,1,10.00,'2015-06-23 00:00:00',1,0),(107167,1,1,10.00,'2015-06-23 00:00:00',1,0),(107168,1,1,10.00,'2015-06-23 00:00:00',1,0),(107169,1,1,10.00,'2015-06-23 00:00:00',1,0),(107170,1,1,10.00,'2015-06-23 00:00:00',1,0),(107171,1,1,10.00,'2015-06-23 00:00:00',1,0),(107172,1,1,10.00,'2015-06-23 00:00:00',1,0),(107173,1,1,10.00,'2015-06-23 00:00:00',1,0),(107174,1,1,10.00,'2015-06-23 00:00:00',1,0),(107175,1,1,10.00,'2015-06-23 00:00:00',1,0),(107176,1,1,10.00,'2015-06-23 00:00:00',1,0),(107177,1,1,10.00,'2015-06-23 00:00:00',1,0),(107178,1,1,10.00,'2015-06-23 00:00:00',1,0),(107179,1,1,10.00,'2015-06-23 00:00:00',1,0),(107180,1,1,10.00,'2015-06-23 00:00:00',1,0),(107181,1,1,10.00,'2015-06-23 00:00:00',1,0),(107182,1,1,10.00,'2015-06-23 00:00:00',1,0),(107183,1,1,10.00,'2015-06-23 00:00:00',1,0),(107184,1,1,10.00,'2015-06-23 00:00:00',1,0),(107185,1,1,10.00,'2015-06-23 00:00:00',1,0),(107186,1,1,10.00,'2015-06-23 00:00:00',1,0),(107187,1,1,10.00,'2015-06-23 00:00:00',1,0),(107188,1,1,10.00,'2015-06-23 00:00:00',1,0),(107189,1,1,10.00,'2015-06-23 00:00:00',1,0),(107190,1,1,10.00,'2015-06-23 00:00:00',1,0),(107191,1,1,10.00,'2015-06-23 00:00:00',1,0),(107192,1,1,10.00,'2015-06-23 00:00:00',1,0),(107193,1,1,10.00,'2015-06-23 00:00:00',1,0),(107194,1,1,10.00,'2015-06-23 00:00:00',1,0),(107195,1,1,10.00,'2015-06-23 00:00:00',1,0),(107196,1,1,10.00,'2015-06-23 00:00:00',1,0),(107197,1,1,10.00,'2015-06-23 00:00:00',1,0),(107198,1,1,10.00,'2015-06-23 00:00:00',1,0),(107199,1,1,10.00,'2015-06-23 00:00:00',1,0),(107200,1,1,10.00,'2015-06-23 00:00:00',1,0),(107201,1,1,10.00,'2015-06-23 00:00:00',1,0),(107202,1,1,10.00,'2015-06-23 00:00:00',1,0),(107203,1,1,10.00,'2015-06-23 00:00:00',1,0),(107204,1,1,10.00,'2015-06-23 00:00:00',1,0),(107205,1,1,10.00,'2015-06-23 00:00:00',1,0),(107206,1,1,10.00,'2015-06-23 00:00:00',1,0),(107207,1,1,10.00,'2015-06-23 00:00:00',1,0),(107208,1,1,10.00,'2015-06-23 00:00:00',1,0),(107209,1,1,10.00,'2015-06-23 00:00:00',1,0),(107210,1,1,10.00,'2015-06-23 00:00:00',1,0),(107211,1,1,10.00,'2015-06-23 00:00:00',1,0),(107212,1,1,10.00,'2015-06-23 00:00:00',1,0),(107213,1,1,10.00,'2015-06-23 00:00:00',1,0),(107214,1,1,10.00,'2015-06-23 00:00:00',1,0),(107215,1,1,10.00,'2015-06-23 00:00:00',1,0),(107216,1,1,10.00,'2015-06-23 00:00:00',1,0),(107217,1,1,10.00,'2015-06-23 00:00:00',1,0),(107218,1,1,10.00,'2015-06-23 00:00:00',1,0),(107219,1,1,10.00,'2015-06-23 00:00:00',1,0),(107220,1,1,10.00,'2015-06-23 00:00:00',1,0),(107221,1,1,10.00,'2015-06-23 00:00:00',1,0),(107222,1,1,10.00,'2015-06-23 00:00:00',1,0),(107223,1,1,10.00,'2015-06-23 00:00:00',1,0),(107224,1,1,10.00,'2015-06-23 00:00:00',1,0),(107225,1,1,10.00,'2015-06-23 00:00:00',1,0),(107226,1,1,10.00,'2015-06-23 00:00:00',1,0),(107227,1,1,10.00,'2015-06-23 00:00:00',1,0),(107228,1,1,10.00,'2015-06-23 00:00:00',1,0),(107229,1,1,10.00,'2015-06-23 00:00:00',1,0),(107230,1,1,10.00,'2015-06-23 00:00:00',1,0),(107231,1,1,10.00,'2015-06-23 00:00:00',1,0),(107232,1,1,10.00,'2015-06-23 00:00:00',1,0),(107233,1,1,10.00,'2015-06-23 00:00:00',1,0),(107234,1,1,10.00,'2015-06-23 00:00:00',1,0),(107235,1,1,10.00,'2015-06-23 00:00:00',1,0),(107236,1,1,10.00,'2015-06-23 00:00:00',1,0),(107237,1,1,10.00,'2015-06-23 00:00:00',1,0),(107238,1,1,10.00,'2015-06-23 00:00:00',1,0),(107239,1,1,10.00,'2015-06-23 00:00:00',1,0),(107240,1,1,10.00,'2015-06-23 00:00:00',1,0),(107241,1,1,10.00,'2015-06-23 00:00:00',1,0),(107242,1,1,10.00,'2015-06-23 00:00:00',1,0),(107243,1,1,10.00,'2015-06-23 00:00:00',1,0),(107244,1,1,10.00,'2015-06-23 00:00:00',1,0),(107245,1,1,10.00,'2015-06-23 00:00:00',1,0),(107246,1,1,10.00,'2015-06-23 00:00:00',1,0),(107247,1,1,10.00,'2015-06-23 00:00:00',1,0),(107248,1,1,10.00,'2015-06-23 00:00:00',1,0),(107249,1,1,10.00,'2015-06-23 00:00:00',1,0),(107250,1,1,10.00,'2015-06-23 00:00:00',1,0),(107251,1,1,10.00,'2015-06-23 00:00:00',1,0),(107252,1,1,10.00,'2015-06-23 00:00:00',1,0),(107253,1,1,10.00,'2015-06-23 00:00:00',1,0),(107254,1,1,10.00,'2015-06-23 00:00:00',1,0),(107255,1,1,10.00,'2015-06-23 00:00:00',1,0),(107256,1,1,10.00,'2015-06-23 00:00:00',1,0),(107257,1,1,10.00,'2015-06-23 00:00:00',1,0),(107258,1,1,10.00,'2015-06-23 00:00:00',1,0),(107259,1,1,10.00,'2015-06-23 00:00:00',1,0),(107260,1,1,10.00,'2015-06-23 00:00:00',1,0),(107261,1,1,10.00,'2015-06-23 00:00:00',1,0),(107262,1,1,10.00,'2015-06-23 00:00:00',1,0),(107263,1,1,10.00,'2015-06-23 00:00:00',1,0),(107264,1,1,10.00,'2015-06-23 00:00:00',1,0),(107265,1,1,10.00,'2015-06-23 00:00:00',1,0),(107266,1,1,10.00,'2015-06-23 00:00:00',1,0),(107267,1,1,10.00,'2015-06-23 00:00:00',1,0),(107268,1,1,10.00,'2015-06-23 00:00:00',1,0),(107269,1,1,10.00,'2015-06-23 00:00:00',1,0),(107270,1,1,10.00,'2015-06-23 00:00:00',1,0),(107271,1,1,10.00,'2015-06-23 00:00:00',1,0),(107272,1,1,10.00,'2015-06-23 00:00:00',1,0),(107273,1,1,10.00,'2015-06-23 00:00:00',1,0),(107274,1,1,10.00,'2015-06-23 00:00:00',1,0),(107275,1,1,10.00,'2015-06-23 00:00:00',1,0),(107276,1,1,10.00,'2015-06-23 00:00:00',1,0),(107277,1,1,10.00,'2015-06-23 00:00:00',1,0),(107278,1,1,10.00,'2015-06-23 00:00:00',1,0),(107279,1,1,10.00,'2015-06-23 00:00:00',1,0),(107280,1,1,10.00,'2015-06-23 00:00:00',1,0),(107281,1,1,10.00,'2015-06-23 00:00:00',1,0),(107282,1,1,10.00,'2015-06-23 00:00:00',1,0),(107283,1,1,10.00,'2015-06-23 00:00:00',1,0),(107284,1,1,10.00,'2015-06-23 00:00:00',1,0),(107285,1,1,10.00,'2015-06-23 00:00:00',1,0),(107286,1,1,10.00,'2015-06-23 00:00:00',1,0),(107287,1,1,10.00,'2015-06-23 00:00:00',1,0),(107288,1,1,10.00,'2015-06-23 00:00:00',1,0),(107289,1,1,10.00,'2015-06-23 00:00:00',1,0),(107290,1,1,10.00,'2015-06-23 00:00:00',1,0),(107291,1,1,10.00,'2015-06-23 00:00:00',1,0),(107292,1,1,10.00,'2015-06-23 00:00:00',1,0),(107293,1,1,10.00,'2015-06-23 00:00:00',1,0),(107294,1,1,10.00,'2015-06-23 00:00:00',1,0),(107295,1,1,10.00,'2015-06-23 00:00:00',1,0),(107296,1,1,10.00,'2015-06-23 00:00:00',1,0),(107297,1,1,10.00,'2015-06-23 00:00:00',1,0),(107298,1,1,10.00,'2015-06-23 00:00:00',1,0),(107299,1,1,10.00,'2015-06-23 00:00:00',1,0),(107300,1,1,10.00,'2015-06-23 00:00:00',1,0),(107301,1,1,10.00,'2015-06-23 00:00:00',1,0),(107302,1,1,10.00,'2015-06-23 00:00:00',1,0),(107303,1,1,10.00,'2015-06-23 00:00:00',1,0),(107304,1,1,10.00,'2015-06-23 00:00:00',1,0),(107305,1,1,10.00,'2015-06-23 00:00:00',1,0),(107306,1,1,10.00,'2015-06-23 00:00:00',1,0),(107307,1,1,10.00,'2015-06-23 00:00:00',1,0),(107308,1,1,10.00,'2015-06-23 00:00:00',1,0),(107309,1,1,10.00,'2015-06-23 00:00:00',1,0),(107310,1,1,10.00,'2015-06-23 00:00:00',1,0),(107311,1,1,10.00,'2015-06-23 00:00:00',1,0),(107312,1,1,10.00,'2015-06-23 00:00:00',1,0),(107313,1,1,10.00,'2015-06-23 00:00:00',1,0),(107314,1,1,10.00,'2015-06-23 00:00:00',1,0),(107315,1,1,10.00,'2015-06-23 00:00:00',1,0),(107316,1,1,10.00,'2015-06-23 00:00:00',1,0),(107317,1,1,10.00,'2015-06-23 00:00:00',1,0),(107318,1,1,10.00,'2015-06-23 00:00:00',1,0),(107319,1,1,10.00,'2015-06-23 00:00:00',1,0),(107320,1,1,10.00,'2015-06-23 00:00:00',1,0),(107321,1,1,10.00,'2015-06-23 00:00:00',1,0),(107322,1,1,10.00,'2015-06-23 00:00:00',1,0),(107323,1,1,10.00,'2015-06-23 00:00:00',1,0),(107324,1,1,10.00,'2015-06-23 00:00:00',1,0),(107325,1,1,10.00,'2015-06-23 00:00:00',1,0),(107326,1,1,10.00,'2015-06-23 00:00:00',1,0),(107327,1,1,10.00,'2015-06-23 00:00:00',1,0),(107328,1,1,10.00,'2015-06-23 00:00:00',1,0),(107329,1,1,10.00,'2015-06-23 00:00:00',1,0),(107330,1,1,10.00,'2015-06-23 00:00:00',1,0),(107331,1,1,10.00,'2015-06-23 00:00:00',1,0),(107332,1,1,10.00,'2015-06-23 00:00:00',1,0),(107333,1,1,10.00,'2015-06-23 00:00:00',1,0),(107334,1,1,10.00,'2015-06-23 00:00:00',1,0),(107335,1,1,10.00,'2015-06-23 00:00:00',1,0),(107336,1,1,10.00,'2015-06-23 00:00:00',1,0),(107337,1,1,10.00,'2015-06-23 00:00:00',1,0),(107338,1,1,10.00,'2015-06-23 00:00:00',1,0),(107339,1,1,10.00,'2015-06-23 00:00:00',1,0),(107340,1,1,10.00,'2015-06-23 00:00:00',1,0),(107341,1,1,10.00,'2015-06-23 00:00:00',1,0),(107342,1,1,10.00,'2015-06-23 00:00:00',1,0),(107343,1,1,10.00,'2015-06-23 00:00:00',1,0),(107344,1,1,10.00,'2015-06-23 00:00:00',1,0),(107345,1,1,10.00,'2015-06-23 00:00:00',1,0),(107346,1,1,10.00,'2015-06-23 00:00:00',1,0),(107347,1,1,10.00,'2015-06-23 00:00:00',1,0),(107348,1,1,10.00,'2015-06-23 00:00:00',1,0),(107349,1,1,10.00,'2015-06-23 00:00:00',1,0),(107350,1,1,10.00,'2015-06-23 00:00:00',1,0),(107351,1,1,10.00,'2015-06-23 00:00:00',1,0),(107352,1,1,10.00,'2015-06-23 00:00:00',1,0),(107353,1,1,10.00,'2015-06-23 00:00:00',1,0),(107354,1,1,10.00,'2015-06-23 00:00:00',1,0),(107355,1,1,10.00,'2015-06-23 00:00:00',1,0),(107356,1,1,10.00,'2015-06-23 00:00:00',1,0),(107357,1,1,10.00,'2015-06-23 00:00:00',1,0),(107358,1,1,10.00,'2015-06-23 00:00:00',1,0),(107359,1,1,10.00,'2015-06-23 00:00:00',1,0),(107360,1,1,10.00,'2015-06-23 00:00:00',1,0),(107361,1,1,10.00,'2015-06-23 00:00:00',1,0),(107362,1,1,10.00,'2015-06-23 00:00:00',1,0),(107363,1,1,10.00,'2015-06-23 00:00:00',1,0),(107364,1,1,10.00,'2015-06-23 00:00:00',1,0),(107365,1,1,10.00,'2015-06-23 00:00:00',1,0),(107366,1,1,10.00,'2015-06-23 00:00:00',1,0),(107367,1,1,10.00,'2015-06-23 00:00:00',1,0),(107368,1,1,10.00,'2015-06-23 00:00:00',1,0),(107369,1,1,10.00,'2015-06-23 00:00:00',1,0),(107370,1,1,10.00,'2015-06-23 00:00:00',1,0),(107371,1,1,10.00,'2015-06-23 00:00:00',1,0),(107372,1,1,10.00,'2015-06-23 00:00:00',1,0),(107373,1,1,10.00,'2015-06-23 00:00:00',1,0),(107374,1,1,10.00,'2015-06-23 00:00:00',1,0),(107375,1,1,10.00,'2015-06-23 00:00:00',1,0),(107376,1,1,10.00,'2015-06-23 00:00:00',1,0),(107377,1,1,10.00,'2015-06-23 00:00:00',1,0),(107378,1,1,10.00,'2015-06-23 00:00:00',1,0),(107379,1,1,10.00,'2015-06-23 00:00:00',1,0),(107380,1,1,10.00,'2015-06-23 00:00:00',1,0),(107381,1,1,10.00,'2015-06-23 00:00:00',1,0),(107382,1,1,10.00,'2015-06-23 00:00:00',1,0),(107383,1,1,10.00,'2015-06-23 00:00:00',1,0),(107384,1,1,10.00,'2015-06-23 00:00:00',1,0),(107385,1,1,10.00,'2015-06-23 00:00:00',1,0),(107386,1,1,10.00,'2015-06-23 00:00:00',1,0),(107387,1,1,10.00,'2015-06-23 00:00:00',1,0),(107388,1,1,10.00,'2015-06-23 00:00:00',1,0),(107389,1,1,10.00,'2015-06-23 00:00:00',1,0),(107390,1,1,10.00,'2015-06-23 00:00:00',1,0),(107391,1,1,10.00,'2015-06-23 00:00:00',1,0),(107392,1,1,10.00,'2015-06-23 00:00:00',1,0),(107393,1,1,10.00,'2015-06-23 00:00:00',1,0),(107394,1,1,10.00,'2015-06-23 00:00:00',1,0),(107395,1,1,10.00,'2015-06-23 00:00:00',1,0),(107396,1,1,10.00,'2015-06-23 00:00:00',1,0),(107397,1,1,10.00,'2015-06-23 00:00:00',1,0),(107398,1,1,10.00,'2015-06-23 00:00:00',1,0),(107399,1,1,10.00,'2015-06-23 00:00:00',1,0),(107400,1,1,10.00,'2015-06-23 00:00:00',1,0),(107401,1,1,10.00,'2015-06-23 00:00:00',1,0),(107402,1,1,10.00,'2015-06-23 00:00:00',1,0),(107403,1,1,10.00,'2015-06-23 00:00:00',1,0),(107404,1,1,10.00,'2015-06-23 00:00:00',1,0),(107405,1,1,10.00,'2015-06-23 00:00:00',1,0),(107406,1,1,10.00,'2015-06-23 00:00:00',1,0),(107407,1,1,10.00,'2015-06-23 00:00:00',1,0),(107408,1,1,10.00,'2015-06-23 00:00:00',1,0),(107409,1,1,10.00,'2015-06-23 00:00:00',1,0),(107410,1,1,10.00,'2015-06-23 00:00:00',1,0),(107411,1,1,10.00,'2015-06-23 00:00:00',1,0),(107412,1,1,10.00,'2015-06-23 00:00:00',1,0),(107413,1,1,10.00,'2015-06-23 00:00:00',1,0),(107414,1,1,10.00,'2015-06-23 00:00:00',1,0),(107415,1,1,10.00,'2015-06-23 00:00:00',1,0),(107416,1,1,10.00,'2015-06-23 00:00:00',1,0),(107417,1,1,10.00,'2015-06-23 00:00:00',1,0),(107418,1,1,10.00,'2015-06-23 00:00:00',1,0),(107419,1,1,10.00,'2015-06-23 00:00:00',1,0),(107420,1,1,10.00,'2015-06-23 00:00:00',1,0),(107421,1,1,10.00,'2015-06-23 00:00:00',1,0),(107422,1,1,10.00,'2015-06-23 00:00:00',1,0),(107423,1,1,10.00,'2015-06-23 00:00:00',1,0),(107424,1,1,10.00,'2015-06-23 00:00:00',1,0),(107425,1,1,10.00,'2015-06-23 00:00:00',1,0),(107426,1,1,10.00,'2015-06-23 00:00:00',1,0),(107427,1,1,10.00,'2015-06-23 00:00:00',1,0),(107428,1,1,10.00,'2015-06-23 00:00:00',1,0),(107429,1,1,10.00,'2015-06-23 00:00:00',1,0),(107430,1,1,10.00,'2015-06-23 00:00:00',1,0),(107431,1,1,10.00,'2015-06-23 00:00:00',1,0),(107432,1,1,10.00,'2015-06-23 00:00:00',1,0),(107433,1,1,10.00,'2015-06-23 00:00:00',1,0),(107434,1,1,10.00,'2015-06-23 00:00:00',1,0),(107435,1,1,10.00,'2015-06-23 00:00:00',1,0),(107436,1,1,10.00,'2015-06-23 00:00:00',1,0),(107437,1,1,10.00,'2015-06-23 00:00:00',1,0),(107438,1,1,10.00,'2015-06-23 00:00:00',1,0),(107439,1,1,10.00,'2015-06-23 00:00:00',1,0),(107440,1,1,10.00,'2015-06-23 00:00:00',1,0),(107441,1,1,10.00,'2015-06-23 00:00:00',1,0),(107442,1,1,10.00,'2015-06-23 00:00:00',1,0),(107443,1,1,10.00,'2015-06-23 00:00:00',1,0),(107444,1,1,10.00,'2015-06-23 00:00:00',1,0),(107445,1,1,10.00,'2015-06-23 00:00:00',1,0),(107446,1,1,10.00,'2015-06-23 00:00:00',1,0),(107447,1,1,10.00,'2015-06-23 00:00:00',1,0),(107448,1,1,10.00,'2015-06-23 00:00:00',1,0),(107449,1,1,10.00,'2015-06-23 00:00:00',1,0),(107450,1,1,10.00,'2015-06-23 00:00:00',1,0),(107451,1,1,10.00,'2015-06-23 00:00:00',1,0),(107452,1,1,10.00,'2015-06-23 00:00:00',1,0),(107453,1,1,10.00,'2015-06-23 00:00:00',1,0),(107454,1,1,10.00,'2015-06-23 00:00:00',1,0),(107455,1,1,10.00,'2015-06-23 00:00:00',1,0),(107456,1,1,10.00,'2015-06-23 00:00:00',1,0),(107457,1,1,10.00,'2015-06-23 00:00:00',1,0),(107458,1,1,10.00,'2015-06-23 00:00:00',1,0),(107459,1,1,10.00,'2015-06-23 00:00:00',1,0),(107460,1,1,10.00,'2015-06-23 00:00:00',1,0),(107461,1,1,10.00,'2015-06-23 00:00:00',1,0),(107462,1,1,10.00,'2015-06-23 00:00:00',1,0),(107463,1,1,10.00,'2015-06-23 00:00:00',1,0),(107464,1,1,10.00,'2015-06-23 00:00:00',1,0),(107465,1,1,10.00,'2015-06-23 00:00:00',1,0),(107466,1,1,10.00,'2015-06-23 00:00:00',1,0),(107467,1,1,10.00,'2015-06-23 00:00:00',1,0),(107468,1,1,10.00,'2015-06-23 00:00:00',1,0),(107469,1,1,10.00,'2015-06-23 00:00:00',1,0),(107470,1,1,10.00,'2015-06-23 00:00:00',1,0),(107471,1,1,10.00,'2015-06-23 00:00:00',1,0),(107472,1,1,10.00,'2015-06-23 00:00:00',1,0),(107473,1,1,10.00,'2015-06-23 00:00:00',1,0),(107474,1,1,10.00,'2015-06-23 00:00:00',1,0),(107475,1,1,10.00,'2015-06-23 00:00:00',1,0),(107476,1,1,10.00,'2015-06-23 00:00:00',1,0),(107477,1,1,10.00,'2015-06-23 00:00:00',1,0),(107478,1,1,10.00,'2015-06-23 00:00:00',1,0),(107479,1,1,10.00,'2015-06-23 00:00:00',1,0),(107480,1,1,10.00,'2015-06-23 00:00:00',1,0),(107481,1,1,10.00,'2015-06-23 00:00:00',1,0),(107482,1,1,10.00,'2015-06-23 00:00:00',1,0),(107483,1,1,10.00,'2015-06-23 00:00:00',1,0),(107484,1,1,10.00,'2015-06-23 00:00:00',1,0),(107485,1,1,10.00,'2015-06-23 00:00:00',1,0),(107486,1,1,10.00,'2015-06-23 00:00:00',1,0),(107487,1,1,10.00,'2015-06-23 00:00:00',1,0),(107488,1,1,10.00,'2015-06-23 00:00:00',1,0),(107489,1,1,10.00,'2015-06-23 00:00:00',1,0),(107490,1,1,10.00,'2015-06-23 00:00:00',1,0),(107491,1,1,10.00,'2015-06-23 00:00:00',1,0),(107492,1,1,10.00,'2015-06-23 00:00:00',1,0),(107493,1,1,10.00,'2015-06-23 00:00:00',1,0),(107494,1,1,10.00,'2015-06-23 00:00:00',1,0),(107495,1,1,10.00,'2015-06-23 00:00:00',1,0),(107496,1,1,10.00,'2015-06-23 00:00:00',1,0),(107497,1,1,10.00,'2015-06-23 00:00:00',1,0),(107498,1,1,10.00,'2015-06-23 00:00:00',1,0),(107499,1,1,10.00,'2015-06-23 00:00:00',1,0),(107500,1,1,10.00,'2015-06-23 00:00:00',1,0),(107501,1,1,10.00,'2015-06-23 00:00:00',1,0),(107502,1,1,10.00,'2015-06-23 00:00:00',1,0),(107503,1,1,10.00,'2015-06-23 00:00:00',1,0),(107504,1,1,10.00,'2015-06-23 00:00:00',1,0),(107505,1,1,10.00,'2015-06-23 00:00:00',1,0),(107506,1,1,10.00,'2015-06-23 00:00:00',1,0),(107507,1,1,10.00,'2015-06-23 00:00:00',1,0),(107508,1,1,10.00,'2015-06-23 00:00:00',1,0),(107509,1,1,10.00,'2015-06-23 00:00:00',1,0),(107510,1,1,10.00,'2015-06-23 00:00:00',1,0),(107511,1,1,10.00,'2015-06-23 00:00:00',1,0),(107512,1,1,10.00,'2015-06-23 00:00:00',1,0),(107513,1,1,10.00,'2015-06-23 00:00:00',1,0),(107514,1,1,10.00,'2015-06-23 00:00:00',1,0),(107515,1,1,10.00,'2015-06-23 00:00:00',1,0),(107516,1,1,10.00,'2015-06-23 00:00:00',1,0),(107517,1,1,10.00,'2015-06-23 00:00:00',1,0),(107518,1,1,10.00,'2015-06-23 00:00:00',1,0),(107519,1,1,10.00,'2015-06-23 00:00:00',1,0),(107520,1,1,10.00,'2015-06-23 00:00:00',1,0),(107521,1,1,10.00,'2015-06-23 00:00:00',1,0),(107522,1,1,10.00,'2015-06-23 00:00:00',1,0),(107523,1,1,10.00,'2015-06-23 00:00:00',1,0),(107524,1,1,10.00,'2015-06-23 00:00:00',1,0),(107525,1,1,10.00,'2015-06-23 00:00:00',1,0),(107526,1,1,10.00,'2015-06-23 00:00:00',1,0),(107527,1,1,10.00,'2015-06-23 00:00:00',1,0),(107528,1,1,10.00,'2015-06-23 00:00:00',1,0),(107529,1,1,10.00,'2015-06-23 00:00:00',1,0),(107530,1,1,10.00,'2015-06-23 00:00:00',1,0),(107531,1,1,10.00,'2015-06-23 00:00:00',1,0),(107532,1,1,10.00,'2015-06-23 00:00:00',1,0),(107533,1,1,10.00,'2015-06-23 00:00:00',1,0),(107534,1,1,10.00,'2015-06-23 00:00:00',1,0),(107535,1,1,10.00,'2015-06-23 00:00:00',1,0),(107536,1,1,10.00,'2015-06-23 00:00:00',1,0),(107537,1,1,10.00,'2015-06-23 00:00:00',1,0),(107538,1,1,10.00,'2015-06-23 00:00:00',1,0),(107539,1,1,10.00,'2015-06-23 00:00:00',1,0),(107540,1,1,10.00,'2015-06-23 00:00:00',1,0),(107541,1,1,10.00,'2015-06-23 00:00:00',1,0),(107542,1,1,10.00,'2015-06-23 00:00:00',1,0),(107543,1,1,10.00,'2015-06-23 00:00:00',1,0),(107544,1,1,10.00,'2015-06-23 00:00:00',1,0),(107545,1,1,10.00,'2015-06-23 00:00:00',1,0),(107546,1,1,10.00,'2015-06-23 00:00:00',1,0),(107547,1,1,10.00,'2015-06-23 00:00:00',1,0),(107548,1,1,10.00,'2015-06-23 00:00:00',1,0),(107549,1,1,10.00,'2015-06-23 00:00:00',1,0),(107550,1,1,10.00,'2015-06-23 00:00:00',1,0),(107551,1,1,10.00,'2015-06-23 00:00:00',1,0),(107552,1,1,10.00,'2015-06-23 00:00:00',1,0),(107553,1,1,10.00,'2015-06-23 00:00:00',1,0),(107554,1,1,10.00,'2015-06-23 00:00:00',1,0),(107555,1,1,10.00,'2015-06-23 00:00:00',1,0),(107556,1,1,10.00,'2015-06-23 00:00:00',1,0),(107557,1,1,10.00,'2015-06-23 00:00:00',1,0),(107558,1,1,10.00,'2015-06-23 00:00:00',1,0),(107559,1,1,10.00,'2015-06-23 00:00:00',1,0),(107560,1,1,10.00,'2015-06-23 00:00:00',1,0),(107561,1,1,10.00,'2015-06-23 00:00:00',1,0),(107562,1,1,10.00,'2015-06-23 00:00:00',1,0),(107563,1,1,10.00,'2015-06-23 00:00:00',1,0),(107564,1,1,10.00,'2015-06-23 00:00:00',1,0),(107565,1,1,10.00,'2015-06-23 00:00:00',1,0),(107566,1,1,10.00,'2015-06-23 00:00:00',1,0),(107567,1,1,10.00,'2015-06-23 00:00:00',1,0),(107568,1,1,10.00,'2015-06-23 00:00:00',1,0),(107569,1,1,10.00,'2015-06-23 00:00:00',1,0),(107570,1,1,10.00,'2015-06-23 00:00:00',1,0),(107571,1,1,10.00,'2015-06-23 00:00:00',1,0),(107572,1,1,10.00,'2015-06-23 00:00:00',1,0),(107573,1,1,10.00,'2015-06-23 00:00:00',1,0),(107574,1,1,10.00,'2015-06-23 00:00:00',1,0),(107575,1,1,10.00,'2015-06-23 00:00:00',1,0),(107576,1,1,10.00,'2015-06-23 00:00:00',1,0),(107577,1,1,10.00,'2015-06-23 00:00:00',1,0),(107578,1,1,10.00,'2015-06-23 00:00:00',1,0),(107579,1,1,10.00,'2015-06-23 00:00:00',1,0),(107580,1,1,10.00,'2015-06-23 00:00:00',1,0),(107581,1,1,10.00,'2015-06-23 00:00:00',1,0),(107582,1,1,10.00,'2015-06-23 00:00:00',1,0),(107583,1,1,10.00,'2015-06-23 00:00:00',1,0),(107584,1,1,10.00,'2015-06-23 00:00:00',1,0),(107585,1,1,10.00,'2015-06-23 00:00:00',1,0),(107586,1,1,10.00,'2015-06-23 00:00:00',1,0),(107587,1,1,10.00,'2015-06-23 00:00:00',1,0),(107588,1,1,10.00,'2015-06-23 00:00:00',1,0),(107589,1,1,10.00,'2015-06-23 00:00:00',1,0),(107590,1,1,10.00,'2015-06-23 00:00:00',1,0),(107591,1,1,10.00,'2015-06-23 00:00:00',1,0),(107592,1,1,10.00,'2015-06-23 00:00:00',1,0),(107593,1,1,10.00,'2015-06-23 00:00:00',1,0),(107594,1,1,10.00,'2015-06-23 00:00:00',1,0),(107595,1,1,10.00,'2015-06-23 00:00:00',1,0),(107596,1,1,10.00,'2015-06-23 00:00:00',1,0),(107597,1,1,10.00,'2015-06-23 00:00:00',1,0),(107598,1,1,10.00,'2015-06-23 00:00:00',1,0),(107599,1,1,10.00,'2015-06-23 00:00:00',1,0),(107600,1,1,10.00,'2015-06-23 00:00:00',1,0),(107601,1,1,10.00,'2015-06-23 00:00:00',1,0),(107602,1,1,10.00,'2015-06-23 00:00:00',1,0),(107603,1,1,10.00,'2015-06-23 00:00:00',1,0),(107604,1,1,10.00,'2015-06-23 00:00:00',1,0),(107605,1,1,10.00,'2015-06-23 00:00:00',1,0),(107606,1,1,10.00,'2015-06-23 00:00:00',1,0),(107607,1,1,10.00,'2015-06-23 00:00:00',1,0),(107608,1,1,10.00,'2015-06-23 00:00:00',1,0),(107609,1,1,10.00,'2015-06-23 00:00:00',1,0),(107610,1,1,10.00,'2015-06-23 00:00:00',1,0),(107611,1,1,10.00,'2015-06-23 00:00:00',1,0),(107612,1,1,10.00,'2015-06-23 00:00:00',1,0),(107613,1,1,10.00,'2015-06-23 00:00:00',1,0),(107614,1,1,10.00,'2015-06-23 00:00:00',1,0),(107615,1,1,10.00,'2015-06-23 00:00:00',1,0),(107616,1,1,10.00,'2015-06-23 00:00:00',1,0),(107617,1,1,10.00,'2015-06-23 00:00:00',1,0),(107618,1,1,10.00,'2015-06-23 00:00:00',1,0),(107619,1,1,10.00,'2015-06-23 00:00:00',1,0),(107620,1,1,10.00,'2015-06-23 00:00:00',1,0),(107621,1,1,10.00,'2015-06-23 00:00:00',1,0),(107622,1,1,10.00,'2015-06-23 00:00:00',1,0),(107623,1,1,10.00,'2015-06-23 00:00:00',1,0),(107624,1,1,10.00,'2015-06-23 00:00:00',1,0),(107625,1,1,10.00,'2015-06-23 00:00:00',1,0),(107626,1,1,10.00,'2015-06-23 00:00:00',1,0),(107627,1,1,10.00,'2015-06-23 00:00:00',1,0),(107628,1,1,10.00,'2015-06-23 00:00:00',1,0),(107629,1,1,10.00,'2015-06-23 00:00:00',1,0),(107630,1,1,10.00,'2015-06-23 00:00:00',1,0),(107631,1,1,10.00,'2015-06-23 00:00:00',1,0),(107632,1,1,10.00,'2015-06-23 00:00:00',1,0),(107633,1,1,10.00,'2015-06-23 00:00:00',1,0),(107634,1,1,10.00,'2015-06-23 00:00:00',1,0),(107635,1,1,10.00,'2015-06-23 00:00:00',1,0),(107636,1,1,10.00,'2015-06-23 00:00:00',1,0),(107637,1,1,10.00,'2015-06-23 00:00:00',1,0),(107638,1,1,10.00,'2015-06-23 00:00:00',1,0),(107639,1,1,10.00,'2015-06-23 00:00:00',1,0),(107640,1,1,10.00,'2015-06-23 00:00:00',1,0),(107641,1,1,10.00,'2015-06-23 00:00:00',1,0),(107642,1,1,10.00,'2015-06-23 00:00:00',1,0),(107643,1,1,10.00,'2015-06-23 00:00:00',1,0),(107644,1,1,10.00,'2015-06-23 00:00:00',1,0),(107645,1,1,10.00,'2015-06-23 00:00:00',1,0),(107646,1,1,10.00,'2015-06-23 00:00:00',1,0),(107647,1,1,10.00,'2015-06-23 00:00:00',1,0),(107648,1,1,10.00,'2015-06-23 00:00:00',1,0),(107649,1,1,10.00,'2015-06-23 00:00:00',1,0),(107650,1,1,10.00,'2015-06-23 00:00:00',1,0),(107651,1,1,10.00,'2015-06-23 00:00:00',1,0),(107652,1,1,10.00,'2015-06-23 00:00:00',1,0),(107653,1,1,10.00,'2015-06-23 00:00:00',1,0),(107654,1,1,10.00,'2015-06-23 00:00:00',1,0),(107655,1,1,10.00,'2015-06-23 00:00:00',1,0),(107656,1,1,10.00,'2015-06-23 00:00:00',1,0),(107657,1,1,10.00,'2015-06-23 00:00:00',1,0),(107658,1,1,10.00,'2015-06-23 00:00:00',1,0),(107659,1,1,10.00,'2015-06-23 00:00:00',1,0),(107660,1,1,10.00,'2015-06-23 00:00:00',1,0),(107661,1,1,10.00,'2015-06-23 00:00:00',1,0),(107662,1,1,10.00,'2015-06-23 00:00:00',1,0),(107663,1,1,10.00,'2015-06-23 00:00:00',1,0),(107664,1,1,10.00,'2015-06-23 00:00:00',1,0),(107665,1,1,10.00,'2015-06-23 00:00:00',1,0),(107666,1,1,10.00,'2015-06-23 00:00:00',1,0),(107667,1,1,10.00,'2015-06-23 00:00:00',1,0),(107668,1,1,10.00,'2015-06-23 00:00:00',1,0),(107669,1,1,10.00,'2015-06-23 00:00:00',1,0),(107670,1,1,10.00,'2015-06-23 00:00:00',1,0),(107671,1,1,10.00,'2015-06-23 00:00:00',1,0),(107672,1,1,10.00,'2015-06-23 00:00:00',1,0),(107673,1,1,10.00,'2015-06-23 00:00:00',1,0),(107674,1,1,10.00,'2015-06-23 00:00:00',1,0),(107675,1,1,10.00,'2015-06-23 00:00:00',1,0),(107676,1,1,10.00,'2015-06-23 00:00:00',1,0),(107677,1,1,10.00,'2015-06-23 00:00:00',1,0),(107678,1,1,10.00,'2015-06-23 00:00:00',1,0),(107679,1,1,10.00,'2015-06-23 00:00:00',1,0),(107680,1,1,10.00,'2015-06-23 00:00:00',1,0),(107681,1,1,10.00,'2015-06-23 00:00:00',1,0),(107682,1,1,10.00,'2015-06-23 00:00:00',1,0),(107683,1,1,10.00,'2015-06-23 00:00:00',1,0),(107684,1,1,10.00,'2015-06-23 00:00:00',1,0),(107685,1,1,10.00,'2015-06-23 00:00:00',1,0),(107686,1,1,10.00,'2015-06-23 00:00:00',1,0),(107687,1,1,10.00,'2015-06-23 00:00:00',1,0),(107688,1,1,10.00,'2015-06-23 00:00:00',1,0),(107689,1,1,10.00,'2015-06-23 00:00:00',1,0),(107690,1,1,10.00,'2015-06-23 00:00:00',1,0),(107691,1,1,10.00,'2015-06-23 00:00:00',1,0),(107692,1,1,10.00,'2015-06-23 00:00:00',1,0),(107693,1,1,10.00,'2015-06-23 00:00:00',1,0),(107694,1,1,10.00,'2015-06-23 00:00:00',1,0),(107695,1,1,10.00,'2015-06-23 00:00:00',1,0),(107696,1,1,10.00,'2015-06-23 00:00:00',1,0),(107697,1,1,10.00,'2015-06-23 00:00:00',1,0),(107698,1,1,10.00,'2015-06-23 00:00:00',1,0),(107699,1,1,10.00,'2015-06-23 00:00:00',1,0),(107700,1,1,10.00,'2015-06-23 00:00:00',1,0),(107701,1,1,10.00,'2015-06-23 00:00:00',1,0),(107702,1,1,10.00,'2015-06-23 00:00:00',1,0),(107703,1,1,10.00,'2015-06-23 00:00:00',1,0),(107704,1,1,10.00,'2015-06-23 00:00:00',1,0),(107705,1,1,10.00,'2015-06-23 00:00:00',1,0),(107706,1,1,10.00,'2015-06-23 00:00:00',1,0),(107707,1,1,10.00,'2015-06-23 00:00:00',1,0),(107708,1,1,10.00,'2015-06-23 00:00:00',1,0),(107709,1,1,10.00,'2015-06-23 00:00:00',1,0),(107710,1,1,10.00,'2015-06-23 00:00:00',1,0),(107711,1,1,10.00,'2015-06-23 00:00:00',1,0),(107712,1,1,10.00,'2015-06-23 00:00:00',1,0),(107713,1,1,10.00,'2015-06-23 00:00:00',1,0),(107714,1,1,10.00,'2015-06-23 00:00:00',1,0),(107715,1,1,10.00,'2015-06-23 00:00:00',1,0),(107716,1,1,10.00,'2015-06-23 00:00:00',1,0),(107717,1,1,10.00,'2015-06-23 00:00:00',1,0),(107718,1,1,10.00,'2015-06-23 00:00:00',1,0),(107719,1,1,10.00,'2015-06-23 00:00:00',1,0),(107720,1,1,10.00,'2015-06-23 00:00:00',1,0),(107721,1,1,10.00,'2015-06-23 00:00:00',1,0),(107722,1,1,10.00,'2015-06-23 00:00:00',1,0),(107723,1,1,10.00,'2015-06-23 00:00:00',1,0),(107724,1,1,10.00,'2015-06-23 00:00:00',1,0),(107725,1,1,10.00,'2015-06-23 00:00:00',1,0),(107726,1,1,10.00,'2015-06-23 00:00:00',1,0),(107727,1,1,10.00,'2015-06-23 00:00:00',1,0),(107728,1,1,10.00,'2015-06-23 00:00:00',1,0),(107729,1,1,10.00,'2015-06-23 00:00:00',1,0),(107730,1,1,10.00,'2015-06-23 00:00:00',1,0),(107731,1,1,10.00,'2015-06-23 00:00:00',1,0),(107732,1,1,10.00,'2015-06-23 00:00:00',1,0),(107733,1,1,10.00,'2015-06-23 00:00:00',1,0),(107734,1,1,10.00,'2015-06-23 00:00:00',1,0),(107735,1,1,10.00,'2015-06-23 00:00:00',1,0),(107736,1,1,10.00,'2015-06-23 00:00:00',1,0),(107737,1,1,10.00,'2015-06-23 00:00:00',1,0),(107738,1,1,10.00,'2015-06-23 00:00:00',1,0),(107739,1,1,10.00,'2015-06-23 00:00:00',1,0),(107740,1,1,10.00,'2015-06-23 00:00:00',1,0),(107741,1,1,10.00,'2015-06-23 00:00:00',1,0),(107742,1,1,10.00,'2015-06-23 00:00:00',1,0),(107743,1,1,10.00,'2015-06-23 00:00:00',1,0),(107744,1,1,10.00,'2015-06-23 00:00:00',1,0),(107745,1,1,10.00,'2015-06-23 00:00:00',1,0),(107746,1,1,10.00,'2015-06-23 00:00:00',1,0),(107747,1,1,10.00,'2015-06-23 00:00:00',1,0),(107748,1,1,10.00,'2015-06-23 00:00:00',1,0),(107749,1,1,10.00,'2015-06-23 00:00:00',1,0),(107750,1,1,10.00,'2015-06-23 00:00:00',1,0),(107751,1,1,10.00,'2015-06-23 00:00:00',1,0),(107752,1,1,10.00,'2015-06-23 00:00:00',1,0),(107753,1,1,10.00,'2015-06-23 00:00:00',1,0),(107754,1,1,10.00,'2015-06-23 00:00:00',1,0),(107755,1,1,10.00,'2015-06-23 00:00:00',1,0),(107756,1,1,10.00,'2015-06-23 00:00:00',1,0),(107757,1,1,10.00,'2015-06-23 00:00:00',1,0),(107758,1,1,10.00,'2015-06-23 00:00:00',1,0),(107759,1,1,10.00,'2015-06-23 00:00:00',1,0),(107760,1,1,10.00,'2015-06-23 00:00:00',1,0),(107761,1,1,10.00,'2015-06-23 00:00:00',1,0),(107762,1,1,10.00,'2015-06-23 00:00:00',1,0),(107763,1,1,10.00,'2015-06-23 00:00:00',1,0),(107764,1,1,10.00,'2015-06-23 00:00:00',1,0),(107765,1,1,10.00,'2015-06-23 00:00:00',1,0),(107766,1,1,10.00,'2015-06-23 00:00:00',1,0),(107767,1,1,10.00,'2015-06-23 00:00:00',1,0),(107768,1,1,10.00,'2015-06-23 00:00:00',1,0),(107769,1,1,10.00,'2015-06-23 00:00:00',1,0),(107770,1,1,10.00,'2015-06-23 00:00:00',1,0),(107771,1,1,10.00,'2015-06-23 00:00:00',1,0),(107772,1,1,10.00,'2015-06-23 00:00:00',1,0),(107773,1,1,10.00,'2015-06-23 00:00:00',1,0),(107774,1,1,10.00,'2015-06-23 00:00:00',1,0),(107775,1,1,10.00,'2015-06-23 00:00:00',1,0),(107776,1,1,10.00,'2015-06-23 00:00:00',1,0),(107777,1,1,10.00,'2015-06-23 00:00:00',1,0),(107778,1,1,10.00,'2015-06-23 00:00:00',1,0),(107779,1,1,10.00,'2015-06-23 00:00:00',1,0),(107780,1,1,10.00,'2015-06-23 00:00:00',1,0),(107781,1,1,10.00,'2015-06-23 00:00:00',1,0),(107782,1,1,10.00,'2015-06-23 00:00:00',1,0),(107783,1,1,10.00,'2015-06-23 00:00:00',1,0),(107784,1,1,10.00,'2015-06-23 00:00:00',1,0),(107785,1,1,10.00,'2015-06-23 00:00:00',1,0),(107786,1,1,10.00,'2015-06-23 00:00:00',1,0),(107787,1,1,10.00,'2015-06-23 00:00:00',1,0),(107788,1,1,10.00,'2015-06-23 00:00:00',1,0),(107789,1,1,10.00,'2015-06-23 00:00:00',1,0),(107790,1,1,10.00,'2015-06-23 00:00:00',1,0),(107791,1,1,10.00,'2015-06-23 00:00:00',1,0),(107792,1,1,10.00,'2015-06-23 00:00:00',1,0),(107793,1,1,10.00,'2015-06-23 00:00:00',1,0),(107794,1,1,10.00,'2015-06-23 00:00:00',1,0),(107795,1,1,10.00,'2015-06-23 00:00:00',1,0),(107796,1,1,10.00,'2015-06-23 00:00:00',1,0),(107797,1,1,10.00,'2015-06-23 00:00:00',1,0),(107798,1,1,10.00,'2015-06-23 00:00:00',1,0),(107799,1,1,10.00,'2015-06-23 00:00:00',1,0),(107800,1,1,10.00,'2015-06-23 00:00:00',1,0),(107801,1,1,10.00,'2015-06-23 00:00:00',1,0),(107802,1,1,10.00,'2015-06-23 00:00:00',1,0),(107803,1,1,10.00,'2015-06-23 00:00:00',1,0),(107804,1,1,10.00,'2015-06-23 00:00:00',1,0),(107805,1,1,10.00,'2015-06-23 00:00:00',1,0),(107806,1,1,10.00,'2015-06-23 00:00:00',1,0),(107807,1,1,10.00,'2015-06-23 00:00:00',1,0),(107808,1,1,10.00,'2015-06-23 00:00:00',1,0),(107809,1,1,10.00,'2015-06-23 00:00:00',1,0),(107810,1,1,10.00,'2015-06-23 00:00:00',1,0),(107811,1,1,10.00,'2015-06-23 00:00:00',1,0),(107812,1,1,10.00,'2015-06-23 00:00:00',1,0),(107813,1,1,10.00,'2015-06-23 00:00:00',1,0),(107814,1,1,10.00,'2015-06-23 00:00:00',1,0),(107815,1,1,10.00,'2015-06-23 00:00:00',1,0),(107816,1,1,10.00,'2015-06-23 00:00:00',1,0),(107817,1,1,10.00,'2015-06-23 00:00:00',1,0),(107818,1,1,10.00,'2015-06-23 00:00:00',1,0),(107819,1,1,10.00,'2015-06-23 00:00:00',1,0),(107820,1,1,10.00,'2015-06-23 00:00:00',1,0),(107821,1,1,10.00,'2015-06-23 00:00:00',1,0),(107822,1,1,10.00,'2015-06-23 00:00:00',1,0),(107823,1,1,10.00,'2015-06-23 00:00:00',1,0),(107824,1,1,10.00,'2015-06-23 00:00:00',1,0),(107825,1,1,10.00,'2015-06-23 00:00:00',1,0),(107826,1,1,10.00,'2015-06-23 00:00:00',1,0),(107827,1,1,10.00,'2015-06-23 00:00:00',1,0),(107828,1,1,10.00,'2015-06-23 00:00:00',1,0),(107829,1,1,10.00,'2015-06-23 00:00:00',1,0),(107830,1,1,10.00,'2015-06-23 00:00:00',1,0),(107831,1,1,10.00,'2015-06-23 00:00:00',1,0),(107832,1,1,10.00,'2015-06-23 00:00:00',1,0),(107833,1,1,10.00,'2015-06-23 00:00:00',1,0),(107834,1,1,10.00,'2015-06-23 00:00:00',1,0),(107835,1,1,10.00,'2015-06-23 00:00:00',1,0),(107836,1,1,10.00,'2015-06-23 00:00:00',1,0),(107837,1,1,10.00,'2015-06-23 00:00:00',1,0),(107838,1,1,10.00,'2015-06-23 00:00:00',1,0),(107839,1,1,10.00,'2015-06-23 00:00:00',1,0),(107840,1,1,10.00,'2015-06-23 00:00:00',1,0),(107841,1,1,10.00,'2015-06-23 00:00:00',1,0),(107842,1,1,10.00,'2015-06-23 00:00:00',1,0),(107843,1,1,10.00,'2015-06-23 00:00:00',1,0),(107844,1,1,10.00,'2015-06-23 00:00:00',1,0),(107845,1,1,10.00,'2015-06-23 00:00:00',1,0),(107846,1,1,10.00,'2015-06-23 00:00:00',1,0),(107847,1,1,10.00,'2015-06-23 00:00:00',1,0),(107848,1,1,10.00,'2015-06-23 00:00:00',1,0),(107849,1,1,10.00,'2015-06-23 00:00:00',1,0),(107850,1,1,10.00,'2015-06-23 00:00:00',1,0),(107851,1,1,10.00,'2015-06-23 00:00:00',1,0),(107852,1,1,10.00,'2015-06-23 00:00:00',1,0),(107853,1,1,10.00,'2015-06-23 00:00:00',1,0),(107854,1,1,10.00,'2015-06-23 00:00:00',1,0),(107855,1,1,10.00,'2015-06-23 00:00:00',1,0),(107856,1,1,10.00,'2015-06-23 00:00:00',1,0),(107857,1,1,10.00,'2015-06-23 00:00:00',1,0),(107858,1,1,10.00,'2015-06-23 00:00:00',1,0),(107859,1,1,10.00,'2015-06-23 00:00:00',1,0),(107860,1,1,10.00,'2015-06-23 00:00:00',1,0),(107861,1,1,10.00,'2015-06-23 00:00:00',1,0),(107862,1,1,10.00,'2015-06-23 00:00:00',1,0),(107863,1,1,10.00,'2015-06-23 00:00:00',1,0),(107864,1,1,10.00,'2015-06-23 00:00:00',1,0),(107865,1,1,10.00,'2015-06-23 00:00:00',1,0),(107866,1,1,10.00,'2015-06-23 00:00:00',1,0),(107867,1,1,10.00,'2015-06-23 00:00:00',1,0),(107868,1,1,10.00,'2015-06-23 00:00:00',1,0),(107869,1,1,10.00,'2015-06-23 00:00:00',1,0),(107870,1,1,10.00,'2015-06-23 00:00:00',1,0),(107871,1,1,10.00,'2015-06-23 00:00:00',1,0),(107872,1,1,10.00,'2015-06-23 00:00:00',1,0),(107873,1,1,10.00,'2015-06-23 00:00:00',1,0),(107874,1,1,10.00,'2015-06-23 00:00:00',1,0),(107875,1,1,10.00,'2015-06-23 00:00:00',1,0),(107876,1,1,10.00,'2015-06-23 00:00:00',1,0),(107877,1,1,10.00,'2015-06-23 00:00:00',1,0),(107878,1,1,10.00,'2015-06-23 00:00:00',1,0),(107879,1,1,10.00,'2015-06-23 00:00:00',1,0),(107880,1,1,10.00,'2015-06-23 00:00:00',1,0),(107881,1,1,10.00,'2015-06-23 00:00:00',1,0),(107882,1,1,10.00,'2015-06-23 00:00:00',1,0),(107883,1,1,10.00,'2015-06-23 00:00:00',1,0),(107884,1,1,10.00,'2015-06-23 00:00:00',1,0),(107885,1,1,10.00,'2015-06-23 00:00:00',1,0),(107886,1,1,10.00,'2015-06-23 00:00:00',1,0),(107887,1,1,10.00,'2015-06-23 00:00:00',1,0),(107888,1,1,10.00,'2015-06-23 00:00:00',1,0),(107889,1,1,10.00,'2015-06-23 00:00:00',1,0),(107890,1,1,10.00,'2015-06-23 00:00:00',1,0),(107891,1,1,10.00,'2015-06-23 00:00:00',1,0),(107892,1,1,10.00,'2015-06-23 00:00:00',1,0),(107893,1,1,10.00,'2015-06-23 00:00:00',1,0),(107894,1,1,10.00,'2015-06-23 00:00:00',1,0),(107895,1,1,10.00,'2015-06-23 00:00:00',1,0),(107896,1,1,10.00,'2015-06-23 00:00:00',1,0),(107897,1,1,10.00,'2015-06-23 00:00:00',1,0),(107898,1,1,10.00,'2015-06-23 00:00:00',1,0),(107899,1,1,10.00,'2015-06-23 00:00:00',1,0),(107900,1,1,10.00,'2015-06-23 00:00:00',1,0),(107901,1,1,10.00,'2015-06-23 00:00:00',1,0),(107902,1,1,10.00,'2015-06-23 00:00:00',1,0),(107903,1,1,10.00,'2015-06-23 00:00:00',1,0),(107904,1,1,10.00,'2015-06-23 00:00:00',1,0),(107905,1,1,10.00,'2015-06-23 00:00:00',1,0),(107906,1,1,10.00,'2015-06-23 00:00:00',1,0),(107907,1,1,10.00,'2015-06-23 00:00:00',1,0),(107908,1,1,10.00,'2015-06-23 00:00:00',1,0),(107909,1,1,10.00,'2015-06-23 00:00:00',1,0),(107910,1,1,10.00,'2015-06-23 00:00:00',1,0),(107911,1,1,10.00,'2015-06-23 00:00:00',1,0),(107912,1,1,10.00,'2015-06-23 00:00:00',1,0),(107913,1,1,10.00,'2015-06-23 00:00:00',1,0),(107914,1,1,10.00,'2015-06-23 00:00:00',1,0),(107915,1,1,10.00,'2015-06-23 00:00:00',1,0),(107916,1,1,10.00,'2015-06-23 00:00:00',1,0),(107917,1,1,10.00,'2015-06-23 00:00:00',1,0),(107918,1,1,10.00,'2015-06-23 00:00:00',1,0),(107919,1,1,10.00,'2015-06-23 00:00:00',1,0),(107920,1,1,10.00,'2015-06-23 00:00:00',1,0),(107921,1,1,10.00,'2015-06-23 00:00:00',1,0),(107922,1,1,10.00,'2015-06-23 00:00:00',1,0),(107923,1,1,10.00,'2015-06-23 00:00:00',1,0),(107924,1,1,10.00,'2015-06-23 00:00:00',1,0),(107925,1,1,10.00,'2015-06-23 00:00:00',1,0),(107926,1,1,10.00,'2015-06-23 00:00:00',1,0),(107927,1,1,10.00,'2015-06-23 00:00:00',1,0),(107928,1,1,10.00,'2015-06-23 00:00:00',1,0),(107929,1,1,10.00,'2015-06-23 00:00:00',1,0),(107930,1,1,10.00,'2015-06-23 00:00:00',1,0),(107931,1,1,10.00,'2015-06-23 00:00:00',1,0),(107932,1,1,10.00,'2015-06-23 00:00:00',1,0),(107933,1,1,10.00,'2015-06-23 00:00:00',1,0),(107934,1,1,10.00,'2015-06-23 00:00:00',1,0),(107935,1,1,10.00,'2015-06-23 00:00:00',1,0),(107936,1,1,10.00,'2015-06-23 00:00:00',1,0),(107937,1,1,10.00,'2015-06-23 00:00:00',1,0),(107938,1,1,10.00,'2015-06-23 00:00:00',1,0),(107939,1,1,10.00,'2015-06-23 00:00:00',1,0),(107940,1,1,10.00,'2015-06-23 00:00:00',1,0),(107941,1,1,10.00,'2015-06-23 00:00:00',1,0),(107942,1,1,10.00,'2015-06-23 00:00:00',1,0),(107943,1,1,10.00,'2015-06-23 00:00:00',1,0),(107944,1,1,10.00,'2015-06-23 00:00:00',1,0),(107945,1,1,10.00,'2015-06-23 00:00:00',1,0),(107946,1,1,10.00,'2015-06-23 00:00:00',1,0),(107947,1,1,10.00,'2015-06-23 00:00:00',1,0),(107948,1,1,10.00,'2015-06-23 00:00:00',1,0),(107949,1,1,10.00,'2015-06-23 00:00:00',1,0),(107950,1,1,10.00,'2015-06-23 00:00:00',1,0),(107951,1,1,10.00,'2015-06-23 00:00:00',1,0),(107952,1,1,10.00,'2015-06-23 00:00:00',1,0),(107953,1,1,10.00,'2015-06-23 00:00:00',1,0),(107954,1,1,10.00,'2015-06-23 00:00:00',1,0),(107955,1,1,10.00,'2015-06-23 00:00:00',1,0),(107956,1,1,10.00,'2015-06-23 00:00:00',1,0),(107957,1,1,10.00,'2015-06-23 00:00:00',1,0),(107958,1,1,10.00,'2015-06-23 00:00:00',1,0),(107959,1,1,10.00,'2015-06-23 00:00:00',1,0),(107960,1,1,10.00,'2015-06-23 00:00:00',1,0),(107961,1,1,10.00,'2015-06-23 00:00:00',1,0),(107962,1,1,10.00,'2015-06-23 00:00:00',1,0),(107963,1,1,10.00,'2015-06-23 00:00:00',1,0),(107964,1,1,10.00,'2015-06-23 00:00:00',1,0),(107965,1,1,10.00,'2015-06-23 00:00:00',1,0),(107966,1,1,10.00,'2015-06-23 00:00:00',1,0),(107967,1,1,10.00,'2015-06-23 00:00:00',1,0),(107968,1,1,10.00,'2015-06-23 00:00:00',1,0),(107969,1,1,10.00,'2015-06-23 00:00:00',1,0),(107970,1,1,10.00,'2015-06-23 00:00:00',1,0),(107971,1,1,10.00,'2015-06-23 00:00:00',1,0),(107972,1,1,10.00,'2015-06-23 00:00:00',1,0),(107973,1,1,10.00,'2015-06-23 00:00:00',1,0),(107974,1,1,10.00,'2015-06-23 00:00:00',1,0),(107975,1,1,10.00,'2015-06-23 00:00:00',1,0),(107976,1,1,10.00,'2015-06-23 00:00:00',1,0),(107977,1,1,10.00,'2015-06-23 00:00:00',1,0),(107978,1,1,10.00,'2015-06-23 00:00:00',1,0),(107979,1,1,10.00,'2015-06-23 00:00:00',1,0),(107980,1,1,10.00,'2015-06-23 00:00:00',1,0),(107981,1,1,10.00,'2015-06-23 00:00:00',1,0),(107982,1,1,10.00,'2015-06-23 00:00:00',1,0),(107983,1,1,10.00,'2015-06-23 00:00:00',1,0),(107984,1,1,10.00,'2015-06-23 00:00:00',1,0),(107985,1,1,10.00,'2015-06-23 00:00:00',1,0),(107986,1,1,10.00,'2015-06-23 00:00:00',1,0),(107987,1,1,10.00,'2015-06-23 00:00:00',1,0),(107988,1,1,10.00,'2015-06-23 00:00:00',1,0),(107989,1,1,10.00,'2015-06-23 00:00:00',1,0),(107990,1,1,10.00,'2015-06-23 00:00:00',1,0),(107991,1,1,10.00,'2015-06-23 00:00:00',1,0),(107994,1,1,10.00,'2015-06-24 00:00:00',1,0),(107995,1,1,10.00,'2015-06-24 00:00:00',1,0),(107996,1,1,10.00,'2015-06-24 00:00:00',1,0),(107997,1,1,10.00,'2015-06-24 00:00:00',1,0),(107998,1,1,10.00,'2015-06-24 00:00:00',1,0),(107999,1,1,10.00,'2015-06-24 00:00:00',1,0),(108000,1,1,10.00,'2015-06-24 00:00:00',1,0),(108001,1,1,10.00,'2015-06-24 00:00:00',1,0),(108002,1,1,10.00,'2015-06-24 00:00:00',1,0),(108003,1,1,10.00,'2015-06-24 00:00:00',1,0),(108004,1,1,10.00,'2015-06-24 00:00:00',1,0),(108005,1,1,10.00,'2015-06-24 00:00:00',1,0),(108006,1,1,10.00,'2015-06-24 00:00:00',1,0),(108007,1,1,10.00,'2015-06-24 00:00:00',1,0),(108008,1,1,10.00,'2015-06-24 00:00:00',1,0),(108009,1,1,10.00,'2015-06-24 00:00:00',1,0),(108010,1,1,10.00,'2015-06-24 00:00:00',1,0),(108011,1,1,10.00,'2015-06-24 00:00:00',1,0),(108012,1,1,10.00,'2015-06-24 00:00:00',1,0),(108013,1,1,10.00,'2015-06-24 00:00:00',1,0),(108014,1,1,10.00,'2015-06-24 00:00:00',1,0),(108015,1,1,10.00,'2015-06-24 00:00:00',1,0),(108016,1,1,10.00,'2015-06-24 00:00:00',1,0),(108017,1,1,10.00,'2015-06-24 00:00:00',1,0),(108018,1,1,10.00,'2015-06-24 00:00:00',1,0),(108019,1,1,10.00,'2015-06-24 00:00:00',1,0),(108020,1,1,10.00,'2015-06-24 00:00:00',1,0),(108021,1,1,10.00,'2015-06-24 00:00:00',1,0),(108022,1,1,10.00,'2015-06-24 00:00:00',1,0),(108023,1,1,10.00,'2015-06-24 00:00:00',1,0),(108024,1,1,10.00,'2015-06-24 00:00:00',1,0),(108025,1,1,10.00,'2015-06-24 00:00:00',1,0),(108026,1,1,10.00,'2015-06-24 00:00:00',1,0),(108027,1,1,10.00,'2015-06-24 00:00:00',1,0),(108028,1,1,10.00,'2015-06-24 00:00:00',1,0),(108029,1,1,10.00,'2015-06-24 00:00:00',1,0),(108030,1,1,10.00,'2015-06-24 00:00:00',1,0),(108031,1,1,10.00,'2015-06-24 00:00:00',1,0),(108032,1,1,10.00,'2015-06-24 00:00:00',1,0),(108033,1,1,10.00,'2015-06-24 00:00:00',1,0),(108034,1,1,10.00,'2015-06-24 00:00:00',1,0),(108035,1,1,10.00,'2015-06-24 00:00:00',1,0),(108036,1,1,10.00,'2015-06-24 00:00:00',1,0),(108037,1,1,10.00,'2015-06-24 00:00:00',1,0),(108038,1,1,10.00,'2015-06-24 00:00:00',1,0),(108039,1,1,10.00,'2015-06-24 00:00:00',1,0),(108040,1,1,10.00,'2015-06-24 00:00:00',1,0),(108041,1,1,10.00,'2015-06-24 00:00:00',1,0),(108042,1,1,10.00,'2015-06-24 00:00:00',1,0),(108043,1,1,10.00,'2015-06-24 00:00:00',1,0),(108044,1,1,10.00,'2015-06-24 00:00:00',1,0),(108045,1,1,10.00,'2015-06-24 00:00:00',1,0),(108046,1,1,10.00,'2015-06-24 00:00:00',1,0),(108047,1,1,10.00,'2015-06-24 00:00:00',1,0),(108048,1,1,10.00,'2015-06-24 00:00:00',1,0),(108049,1,1,10.00,'2015-06-24 00:00:00',1,0),(108050,1,1,10.00,'2015-06-24 00:00:00',1,0),(108051,1,1,10.00,'2015-06-24 00:00:00',1,0),(108052,1,1,10.00,'2015-06-24 00:00:00',1,0),(108053,1,1,10.00,'2015-06-24 00:00:00',1,0),(108054,1,1,10.00,'2015-06-24 00:00:00',1,0),(108055,1,1,10.00,'2015-06-24 00:00:00',1,0),(108056,1,1,10.00,'2015-06-24 00:00:00',1,0),(108057,1,1,10.00,'2015-06-24 00:00:00',1,0),(108058,1,1,10.00,'2015-06-24 00:00:00',1,0),(108059,1,1,10.00,'2015-06-24 00:00:00',1,0),(108060,1,1,10.00,'2015-06-24 00:00:00',1,0),(108061,1,1,10.00,'2015-06-24 00:00:00',1,0),(108062,1,1,10.00,'2015-06-24 00:00:00',1,0),(108063,1,1,10.00,'2015-06-24 00:00:00',1,0),(108064,1,1,10.00,'2015-06-24 00:00:00',1,0),(108065,1,1,10.00,'2015-06-24 00:00:00',1,0),(108066,1,1,10.00,'2015-06-24 00:00:00',1,0),(108067,1,1,10.00,'2015-06-24 00:00:00',1,0),(108068,1,1,10.00,'2015-06-24 00:00:00',1,0),(108069,1,1,10.00,'2015-06-24 00:00:00',1,0),(108070,1,1,10.00,'2015-06-24 00:00:00',1,0),(108071,1,1,10.00,'2015-06-24 00:00:00',1,0),(108072,1,1,10.00,'2015-06-24 00:00:00',1,0),(108073,1,1,10.00,'2015-06-24 00:00:00',1,0),(108074,1,1,10.00,'2015-06-24 00:00:00',1,0),(108075,1,1,10.00,'2015-06-24 00:00:00',1,0),(108076,1,1,10.00,'2015-06-24 00:00:00',1,0),(108077,1,1,10.00,'2015-06-24 00:00:00',1,0),(108078,1,1,10.00,'2015-06-24 00:00:00',1,0),(108079,1,1,10.00,'2015-06-24 00:00:00',1,0),(108080,1,1,10.00,'2015-06-24 00:00:00',1,0),(108081,1,1,10.00,'2015-06-24 00:00:00',1,0),(108082,1,1,10.00,'2015-06-24 00:00:00',1,0),(108083,1,1,10.00,'2015-06-24 00:00:00',1,0),(108084,1,1,10.00,'2015-06-24 00:00:00',1,0),(108085,1,1,10.00,'2015-06-24 00:00:00',1,0),(108086,1,1,10.00,'2015-06-24 00:00:00',1,0),(108087,1,1,10.00,'2015-06-24 00:00:00',1,0),(108088,1,1,10.00,'2015-06-24 00:00:00',1,0),(108089,1,1,10.00,'2015-06-24 00:00:00',1,0),(108090,1,1,10.00,'2015-06-24 00:00:00',1,0),(108091,1,1,10.00,'2015-06-24 00:00:00',1,0),(108092,1,1,10.00,'2015-06-24 00:00:00',1,0),(108093,1,1,10.00,'2015-06-24 00:00:00',1,0),(108094,1,1,10.00,'2015-06-24 00:00:00',1,0),(108095,1,1,10.00,'2015-06-24 00:00:00',1,0),(108096,1,1,10.00,'2015-06-24 00:00:00',1,0),(108097,1,1,10.00,'2015-06-24 00:00:00',1,0),(108098,1,1,10.00,'2015-06-24 00:00:00',1,0),(108099,1,1,10.00,'2015-06-24 00:00:00',1,0),(108100,1,1,10.00,'2015-06-24 00:00:00',1,0),(108101,1,1,10.00,'2015-06-24 00:00:00',1,0),(108102,1,1,10.00,'2015-06-24 00:00:00',1,0),(108103,1,1,10.00,'2015-06-24 00:00:00',1,0),(108104,1,1,10.00,'2015-06-24 00:00:00',1,0),(108105,1,1,10.00,'2015-06-24 00:00:00',1,0),(108106,1,1,10.00,'2015-06-24 00:00:00',1,0),(108107,1,1,10.00,'2015-06-24 00:00:00',1,0),(108108,1,1,10.00,'2015-06-24 00:00:00',1,0),(108109,1,1,10.00,'2015-06-24 00:00:00',1,0),(108110,1,1,10.00,'2015-06-24 00:00:00',1,0),(108111,1,1,10.00,'2015-06-24 00:00:00',1,0),(108112,1,1,10.00,'2015-06-24 00:00:00',1,0),(108113,1,1,10.00,'2015-06-24 00:00:00',1,0),(108114,1,1,10.00,'2015-06-24 00:00:00',1,0),(108115,1,1,10.00,'2015-06-24 00:00:00',1,0),(108116,1,1,10.00,'2015-06-24 00:00:00',1,0),(108117,1,1,10.00,'2015-06-24 00:00:00',1,0),(108118,1,1,10.00,'2015-06-24 00:00:00',1,0),(108119,1,1,10.00,'2015-06-24 00:00:00',1,0),(108120,1,1,10.00,'2015-06-24 00:00:00',1,0),(108121,1,1,10.00,'2015-06-24 00:00:00',1,0),(108122,1,1,10.00,'2015-06-24 00:00:00',1,0),(108123,1,1,10.00,'2015-06-24 00:00:00',1,0),(108124,1,1,10.00,'2015-06-24 00:00:00',1,0),(108125,1,1,10.00,'2015-06-24 00:00:00',1,0),(108126,1,1,10.00,'2015-06-24 00:00:00',1,0),(108127,1,1,10.00,'2015-06-24 00:00:00',1,0),(108128,1,1,10.00,'2015-06-24 00:00:00',1,0),(108129,1,1,10.00,'2015-06-24 00:00:00',1,0),(108130,1,1,10.00,'2015-06-24 00:00:00',1,0),(108131,1,1,10.00,'2015-06-24 00:00:00',1,0),(108132,1,1,10.00,'2015-06-24 00:00:00',1,0),(108133,1,1,10.00,'2015-06-24 00:00:00',1,0),(108134,1,1,10.00,'2015-06-24 00:00:00',1,0),(108135,1,1,10.00,'2015-06-24 00:00:00',1,0),(108136,1,1,10.00,'2015-06-24 00:00:00',1,0),(108137,1,1,10.00,'2015-06-24 00:00:00',1,0),(108138,1,1,10.00,'2015-06-24 00:00:00',1,0),(108139,1,1,10.00,'2015-06-24 00:00:00',1,0),(108140,1,1,10.00,'2015-06-24 00:00:00',1,0),(108141,1,1,10.00,'2015-06-24 00:00:00',1,0),(108142,1,1,10.00,'2015-06-24 00:00:00',1,0),(108143,1,1,10.00,'2015-06-24 00:00:00',1,0),(108144,1,1,10.00,'2015-06-24 00:00:00',1,0),(108145,1,1,10.00,'2015-06-24 00:00:00',1,0),(108146,1,1,10.00,'2015-06-24 00:00:00',1,0),(108147,1,1,10.00,'2015-06-24 00:00:00',1,0),(108148,1,1,10.00,'2015-06-24 00:00:00',1,0),(108149,1,1,10.00,'2015-06-24 00:00:00',1,0),(108150,1,1,10.00,'2015-06-24 00:00:00',1,0),(108151,1,1,10.00,'2015-06-24 00:00:00',1,0),(108152,1,1,10.00,'2015-06-24 00:00:00',1,0),(108153,1,1,10.00,'2015-06-24 00:00:00',1,0),(108154,1,1,10.00,'2015-06-24 00:00:00',1,0),(108155,1,1,10.00,'2015-06-24 00:00:00',1,0),(108156,1,1,10.00,'2015-06-24 00:00:00',1,0),(108157,1,1,10.00,'2015-06-24 00:00:00',1,0),(108158,1,1,10.00,'2015-06-24 00:00:00',1,0),(108159,1,1,10.00,'2015-06-24 00:00:00',1,0),(108160,1,1,10.00,'2015-06-24 00:00:00',1,0),(108161,1,1,10.00,'2015-06-24 00:00:00',1,0),(108162,1,1,10.00,'2015-06-24 00:00:00',1,0),(108163,1,1,10.00,'2015-06-24 00:00:00',1,0),(108164,1,1,10.00,'2015-06-24 00:00:00',1,0),(108165,1,1,10.00,'2015-06-24 00:00:00',1,0),(108166,1,1,10.00,'2015-06-24 00:00:00',1,0),(108167,1,1,10.00,'2015-06-24 00:00:00',1,0),(108168,1,1,10.00,'2015-06-24 00:00:00',1,0),(108169,1,1,10.00,'2015-06-24 00:00:00',1,0),(108170,1,1,10.00,'2015-06-24 00:00:00',1,0),(108171,1,1,10.00,'2015-06-24 00:00:00',1,0),(108172,1,1,10.00,'2015-06-24 00:00:00',1,0),(108173,1,1,10.00,'2015-06-24 00:00:00',1,0),(108174,1,1,10.00,'2015-06-24 00:00:00',1,0),(108175,1,1,10.00,'2015-06-24 00:00:00',1,0),(108176,1,1,10.00,'2015-06-24 00:00:00',1,0),(108177,1,1,10.00,'2015-06-24 00:00:00',1,0),(108178,1,1,10.00,'2015-06-24 00:00:00',1,0),(108179,1,1,10.00,'2015-06-24 00:00:00',1,0),(108180,1,1,10.00,'2015-06-24 00:00:00',1,0),(108181,1,1,10.00,'2015-06-24 00:00:00',1,0),(108182,1,1,10.00,'2015-06-24 00:00:00',1,0),(108183,1,1,10.00,'2015-06-24 00:00:00',1,0),(108184,1,1,10.00,'2015-06-24 00:00:00',1,0),(108185,1,1,10.00,'2015-06-24 00:00:00',1,0),(108186,1,1,10.00,'2015-06-24 00:00:00',1,0),(108187,1,1,10.00,'2015-06-24 00:00:00',1,0),(108188,1,1,10.00,'2015-06-24 00:00:00',1,0),(108189,1,1,10.00,'2015-06-24 00:00:00',1,0),(108190,1,1,10.00,'2015-06-24 00:00:00',1,0),(108191,1,1,10.00,'2015-06-24 00:00:00',1,0),(108192,1,1,10.00,'2015-06-24 00:00:00',1,0),(108193,1,1,10.00,'2015-06-24 00:00:00',1,0),(108194,1,1,10.00,'2015-06-24 00:00:00',1,0),(108195,1,1,10.00,'2015-06-24 00:00:00',1,0),(108196,1,1,10.00,'2015-06-24 00:00:00',1,0),(108197,1,1,10.00,'2015-06-24 00:00:00',1,0),(108198,1,1,10.00,'2015-06-24 00:00:00',1,0),(108199,1,1,10.00,'2015-06-24 00:00:00',1,0),(108200,1,1,10.00,'2015-06-24 00:00:00',1,0),(108201,1,1,10.00,'2015-06-24 00:00:00',1,0),(108202,1,1,10.00,'2015-06-24 00:00:00',1,0),(108203,1,1,10.00,'2015-06-24 00:00:00',1,0),(108204,1,1,10.00,'2015-06-24 00:00:00',1,0),(108205,1,1,10.00,'2015-06-24 00:00:00',1,0),(108206,1,1,10.00,'2015-06-24 00:00:00',1,0),(108207,1,1,10.00,'2015-06-24 00:00:00',1,0),(108208,1,1,10.00,'2015-06-24 00:00:00',1,0),(108209,1,1,10.00,'2015-06-24 00:00:00',1,0),(108210,1,1,10.00,'2015-06-24 00:00:00',1,0),(108211,1,1,10.00,'2015-06-24 00:00:00',1,0),(108212,1,1,10.00,'2015-06-24 00:00:00',1,0),(108213,1,1,10.00,'2015-06-24 00:00:00',1,0),(108214,1,1,10.00,'2015-06-24 00:00:00',1,0),(108215,1,1,10.00,'2015-06-24 00:00:00',1,0),(108216,1,1,10.00,'2015-06-24 00:00:00',1,0),(108217,1,1,10.00,'2015-06-24 00:00:00',1,0),(108218,1,1,10.00,'2015-06-24 00:00:00',1,0),(108219,1,1,10.00,'2015-06-24 00:00:00',1,0),(108220,1,1,10.00,'2015-06-24 00:00:00',1,0),(108221,1,1,10.00,'2015-06-24 00:00:00',1,0),(108222,1,1,10.00,'2015-06-24 00:00:00',1,0),(108223,1,1,10.00,'2015-06-24 00:00:00',1,0),(108224,1,1,10.00,'2015-06-24 00:00:00',1,0),(108225,1,1,10.00,'2015-06-24 00:00:00',1,0),(108226,1,1,10.00,'2015-06-24 00:00:00',1,0),(108227,1,1,10.00,'2015-06-24 00:00:00',1,0),(108228,1,1,10.00,'2015-06-24 00:00:00',1,0),(108229,1,1,10.00,'2015-06-24 00:00:00',1,0),(108230,1,1,10.00,'2015-06-24 00:00:00',1,0),(108231,1,1,10.00,'2015-06-24 00:00:00',1,0),(108232,1,1,10.00,'2015-06-24 00:00:00',1,0),(108233,1,1,10.00,'2015-06-24 00:00:00',1,0),(108234,1,1,10.00,'2015-06-24 00:00:00',1,0),(108235,1,1,10.00,'2015-06-24 00:00:00',1,0),(108236,1,1,10.00,'2015-06-24 00:00:00',1,0),(108237,1,1,10.00,'2015-06-24 00:00:00',1,0),(108238,1,1,10.00,'2015-06-24 00:00:00',1,0),(108239,1,1,10.00,'2015-06-24 00:00:00',1,0),(108240,1,1,10.00,'2015-06-24 00:00:00',1,0),(108241,1,1,10.00,'2015-06-24 00:00:00',1,0),(108242,1,1,10.00,'2015-06-24 00:00:00',1,0),(108243,1,1,10.00,'2015-06-24 00:00:00',1,0),(108244,1,1,10.00,'2015-06-24 00:00:00',1,0),(108245,1,1,10.00,'2015-06-24 00:00:00',1,0),(108246,1,1,10.00,'2015-06-24 00:00:00',1,0),(108247,1,1,10.00,'2015-06-24 00:00:00',1,0),(108248,1,1,10.00,'2015-06-24 00:00:00',1,0),(108249,1,1,10.00,'2015-06-24 00:00:00',1,0),(108250,1,1,10.00,'2015-06-24 00:00:00',1,0),(108251,1,1,10.00,'2015-06-24 00:00:00',1,0),(108252,1,1,10.00,'2015-06-24 00:00:00',1,0),(108253,1,1,10.00,'2015-06-24 00:00:00',1,0),(108254,1,1,10.00,'2015-06-24 00:00:00',1,0),(108255,1,1,10.00,'2015-06-24 00:00:00',1,0),(108256,1,1,10.00,'2015-06-24 00:00:00',1,0),(108257,1,1,10.00,'2015-06-24 00:00:00',1,0),(108258,1,1,10.00,'2015-06-24 00:00:00',1,0),(108259,1,1,10.00,'2015-06-24 00:00:00',1,0),(108260,1,1,10.00,'2015-06-24 00:00:00',1,0),(108261,1,1,10.00,'2015-06-24 00:00:00',1,0),(108262,1,1,10.00,'2015-06-24 00:00:00',1,0),(108263,1,1,10.00,'2015-06-24 00:00:00',1,0),(108264,1,1,10.00,'2015-06-24 00:00:00',1,0),(108265,1,1,10.00,'2015-06-24 00:00:00',1,0),(108266,1,1,10.00,'2015-06-24 00:00:00',1,0),(108267,1,1,10.00,'2015-06-24 00:00:00',1,0),(108268,1,1,10.00,'2015-06-24 00:00:00',1,0),(108269,1,1,10.00,'2015-06-24 00:00:00',1,0),(108270,1,1,10.00,'2015-06-24 00:00:00',1,0),(108271,1,1,10.00,'2015-06-24 00:00:00',1,0),(108272,1,1,10.00,'2015-06-24 00:00:00',1,0),(108273,1,1,10.00,'2015-06-24 00:00:00',1,0),(108274,1,1,10.00,'2015-06-24 00:00:00',1,0),(108275,1,1,10.00,'2015-06-24 00:00:00',1,0),(108276,1,1,10.00,'2015-06-24 00:00:00',1,0),(108277,1,1,10.00,'2015-06-24 00:00:00',1,0),(108278,1,1,10.00,'2015-06-24 00:00:00',1,0),(108279,1,1,10.00,'2015-06-24 00:00:00',1,0),(108280,1,1,10.00,'2015-06-24 00:00:00',1,0),(108281,1,1,10.00,'2015-06-24 00:00:00',1,0),(108282,1,1,10.00,'2015-06-24 00:00:00',1,0),(108283,1,1,10.00,'2015-06-24 00:00:00',1,0),(108284,1,1,10.00,'2015-06-24 00:00:00',1,0),(108285,1,1,10.00,'2015-06-24 00:00:00',1,0),(108286,1,1,10.00,'2015-06-24 00:00:00',1,0),(108287,1,1,10.00,'2015-06-24 00:00:00',1,0),(108288,1,1,10.00,'2015-06-24 00:00:00',1,0),(108289,1,1,10.00,'2015-06-24 00:00:00',1,0),(108290,1,1,10.00,'2015-06-24 00:00:00',1,0),(108291,1,1,10.00,'2015-06-24 00:00:00',1,0),(108292,1,1,10.00,'2015-06-24 00:00:00',1,0),(108293,1,1,10.00,'2015-06-24 00:00:00',1,0),(108294,1,1,10.00,'2015-06-24 00:00:00',1,0),(108295,1,1,10.00,'2015-06-24 00:00:00',1,0),(108296,1,1,10.00,'2015-06-24 00:00:00',1,0),(108297,1,1,10.00,'2015-06-24 00:00:00',1,0),(108298,1,1,10.00,'2015-06-24 00:00:00',1,0),(108299,1,1,10.00,'2015-06-24 00:00:00',1,0),(108300,1,1,10.00,'2015-06-24 00:00:00',1,0),(108301,1,1,10.00,'2015-06-24 00:00:00',1,0),(108302,1,1,10.00,'2015-06-24 00:00:00',1,0),(108303,1,1,10.00,'2015-06-24 00:00:00',1,0),(108304,1,1,10.00,'2015-06-24 00:00:00',1,0),(108305,1,1,10.00,'2015-06-24 00:00:00',1,0),(108306,1,1,10.00,'2015-06-24 00:00:00',1,0),(108307,1,1,10.00,'2015-06-24 00:00:00',1,0),(108308,1,1,10.00,'2015-06-24 00:00:00',1,0),(108309,1,1,10.00,'2015-06-24 00:00:00',1,0),(108310,1,1,10.00,'2015-06-24 00:00:00',1,0),(108311,1,1,10.00,'2015-06-24 00:00:00',1,0),(108312,1,1,10.00,'2015-06-24 00:00:00',1,0),(108313,1,1,10.00,'2015-06-24 00:00:00',1,0),(108314,1,1,10.00,'2015-06-24 00:00:00',1,0),(108315,1,1,10.00,'2015-06-24 00:00:00',1,0),(108316,1,1,10.00,'2015-06-24 00:00:00',1,0),(108317,1,1,10.00,'2015-06-24 00:00:00',1,0),(108318,1,1,10.00,'2015-06-24 00:00:00',1,0),(108319,1,1,10.00,'2015-06-24 00:00:00',1,0),(108320,1,1,10.00,'2015-06-24 00:00:00',1,0),(108321,1,1,10.00,'2015-06-24 00:00:00',1,0),(108322,1,1,10.00,'2015-06-24 00:00:00',1,0),(108323,1,1,10.00,'2015-06-24 00:00:00',1,0),(108324,1,1,10.00,'2015-06-24 00:00:00',1,0),(108325,1,1,10.00,'2015-06-24 00:00:00',1,0),(108326,1,1,10.00,'2015-06-24 00:00:00',1,0),(108327,1,1,10.00,'2015-06-24 00:00:00',1,0),(108328,1,1,10.00,'2015-06-24 00:00:00',1,0),(108329,1,1,10.00,'2015-06-24 00:00:00',1,0),(108330,1,1,10.00,'2015-06-24 00:00:00',1,0),(108331,1,1,10.00,'2015-06-24 00:00:00',1,0),(108332,1,1,10.00,'2015-06-24 00:00:00',1,0),(108333,1,1,10.00,'2015-06-24 00:00:00',1,0),(108334,1,1,10.00,'2015-06-24 00:00:00',1,0),(108335,1,1,10.00,'2015-06-24 00:00:00',1,0),(108336,1,1,10.00,'2015-06-24 00:00:00',1,0),(108337,1,1,10.00,'2015-06-24 00:00:00',1,0),(108338,1,1,10.00,'2015-06-24 00:00:00',1,0),(108339,1,1,10.00,'2015-06-24 00:00:00',1,0),(108340,1,1,10.00,'2015-06-24 00:00:00',1,0),(108341,1,1,10.00,'2015-06-24 00:00:00',1,0),(108342,1,1,10.00,'2015-06-24 00:00:00',1,0),(108343,1,1,10.00,'2015-06-24 00:00:00',1,0),(108344,1,1,10.00,'2015-06-24 00:00:00',1,0),(108345,1,1,10.00,'2015-06-24 00:00:00',1,0),(108346,1,1,10.00,'2015-06-24 00:00:00',1,0),(108347,1,1,10.00,'2015-06-24 00:00:00',1,0),(108348,1,1,10.00,'2015-06-24 00:00:00',1,0),(108349,1,1,10.00,'2015-06-24 00:00:00',1,0),(108350,1,1,10.00,'2015-06-24 00:00:00',1,0),(108351,1,1,10.00,'2015-06-24 00:00:00',1,0),(108352,1,1,10.00,'2015-06-24 00:00:00',1,0),(108353,1,1,10.00,'2015-06-24 00:00:00',1,0),(108354,1,1,10.00,'2015-06-24 00:00:00',1,0),(108355,1,1,10.00,'2015-06-24 00:00:00',1,0),(108356,1,1,10.00,'2015-06-24 00:00:00',1,0),(108357,1,1,10.00,'2015-06-24 00:00:00',1,0),(108358,1,1,10.00,'2015-06-24 00:00:00',1,0),(108359,1,1,10.00,'2015-06-24 00:00:00',1,0),(108360,1,1,10.00,'2015-06-24 00:00:00',1,0),(108361,1,1,10.00,'2015-06-24 00:00:00',1,0),(108362,1,1,10.00,'2015-06-24 00:00:00',1,0),(108363,1,1,10.00,'2015-06-24 00:00:00',1,0),(108364,1,1,10.00,'2015-06-24 00:00:00',1,0),(108365,1,1,10.00,'2015-06-24 00:00:00',1,0),(108366,1,1,10.00,'2015-06-24 00:00:00',1,0),(108367,1,1,10.00,'2015-06-24 00:00:00',1,0),(108368,1,1,10.00,'2015-06-24 00:00:00',1,0),(108369,1,1,10.00,'2015-06-24 00:00:00',1,0),(108370,1,1,10.00,'2015-06-24 00:00:00',1,0),(108371,1,1,10.00,'2015-06-24 00:00:00',1,0),(108372,1,1,10.00,'2015-06-24 00:00:00',1,0),(108373,1,1,10.00,'2015-06-24 00:00:00',1,0),(108374,1,1,10.00,'2015-06-24 00:00:00',1,0),(108375,1,1,10.00,'2015-06-24 00:00:00',1,0),(108376,1,1,10.00,'2015-06-24 00:00:00',1,0),(108377,1,1,10.00,'2015-06-24 00:00:00',1,0),(108378,1,1,10.00,'2015-06-24 00:00:00',1,0),(108379,1,1,10.00,'2015-06-24 00:00:00',1,0),(108380,1,1,10.00,'2015-06-24 00:00:00',1,0),(108381,1,1,10.00,'2015-06-24 00:00:00',1,0),(108382,1,1,10.00,'2015-06-24 00:00:00',1,0),(108383,1,1,10.00,'2015-06-24 00:00:00',1,0),(108384,1,1,10.00,'2015-06-24 00:00:00',1,0),(108385,1,1,10.00,'2015-06-24 00:00:00',1,0),(108386,1,1,10.00,'2015-06-24 00:00:00',1,0),(108387,1,1,10.00,'2015-06-24 00:00:00',1,0),(108388,1,1,10.00,'2015-06-24 00:00:00',1,0),(108389,1,1,10.00,'2015-06-24 00:00:00',1,0),(108390,1,1,10.00,'2015-06-24 00:00:00',1,0),(108391,1,1,10.00,'2015-06-24 00:00:00',1,0),(108392,1,1,10.00,'2015-06-24 00:00:00',1,0),(108393,1,1,10.00,'2015-06-24 00:00:00',1,0),(108394,1,1,10.00,'2015-06-24 00:00:00',1,0),(108395,1,1,10.00,'2015-06-24 00:00:00',1,0),(108396,1,1,10.00,'2015-06-24 00:00:00',1,0),(108397,1,1,10.00,'2015-06-24 00:00:00',1,0),(108398,1,1,10.00,'2015-06-24 00:00:00',1,0),(108399,1,1,10.00,'2015-06-24 00:00:00',1,0),(108400,1,1,10.00,'2015-06-24 00:00:00',1,0),(108401,1,1,10.00,'2015-06-24 00:00:00',1,0),(108402,1,1,10.00,'2015-06-24 00:00:00',1,0),(108403,1,1,10.00,'2015-06-24 00:00:00',1,0),(108404,1,1,10.00,'2015-06-24 00:00:00',1,0),(108405,1,1,10.00,'2015-06-24 00:00:00',1,0),(108406,1,1,10.00,'2015-06-24 00:00:00',1,0),(108407,1,1,10.00,'2015-06-24 00:00:00',1,0),(108408,1,1,10.00,'2015-06-24 00:00:00',1,0),(108409,1,1,10.00,'2015-06-24 00:00:00',1,0),(108410,1,1,10.00,'2015-06-24 00:00:00',1,0),(108411,1,1,10.00,'2015-06-24 00:00:00',1,0),(108412,1,1,10.00,'2015-06-24 00:00:00',1,0),(108413,1,1,10.00,'2015-06-24 00:00:00',1,0),(108414,1,1,10.00,'2015-06-24 00:00:00',1,0),(108415,1,1,10.00,'2015-06-24 00:00:00',1,0),(108416,1,1,10.00,'2015-06-24 00:00:00',1,0),(108417,1,1,10.00,'2015-06-24 00:00:00',1,0),(108418,1,1,10.00,'2015-06-24 00:00:00',1,0),(108419,1,1,10.00,'2015-06-24 00:00:00',1,0),(108420,1,1,10.00,'2015-06-24 00:00:00',1,0),(108421,1,1,10.00,'2015-06-24 00:00:00',1,0),(108422,1,1,10.00,'2015-06-24 00:00:00',1,0),(108423,1,1,10.00,'2015-06-24 00:00:00',1,0),(108424,1,1,10.00,'2015-06-24 00:00:00',1,0),(108425,1,1,10.00,'2015-06-24 00:00:00',1,0),(108426,1,1,10.00,'2015-06-24 00:00:00',1,0),(108427,1,1,10.00,'2015-06-24 00:00:00',1,0),(108428,1,1,10.00,'2015-06-24 00:00:00',1,0),(108429,1,1,10.00,'2015-06-24 00:00:00',1,0),(108430,1,1,10.00,'2015-06-24 00:00:00',1,0),(108431,1,1,10.00,'2015-06-24 00:00:00',1,0),(108432,1,1,10.00,'2015-06-24 00:00:00',1,0),(108433,1,1,10.00,'2015-06-24 00:00:00',1,0),(108434,1,1,10.00,'2015-06-24 00:00:00',1,0),(108435,1,1,10.00,'2015-06-24 00:00:00',1,0),(108436,1,1,10.00,'2015-06-24 00:00:00',1,0),(108437,1,1,10.00,'2015-06-24 00:00:00',1,0),(108438,1,1,10.00,'2015-06-24 00:00:00',1,0),(108439,1,1,10.00,'2015-06-24 00:00:00',1,0),(108440,1,1,10.00,'2015-06-24 00:00:00',1,0),(108441,1,1,10.00,'2015-06-24 00:00:00',1,0),(108442,1,1,10.00,'2015-06-24 00:00:00',1,0),(108443,1,1,10.00,'2015-06-24 00:00:00',1,0),(108444,1,1,10.00,'2015-06-24 00:00:00',1,0),(108445,1,1,10.00,'2015-06-24 00:00:00',1,0),(108446,1,1,10.00,'2015-06-24 00:00:00',1,0),(108447,1,1,10.00,'2015-06-24 00:00:00',1,0),(108448,1,1,10.00,'2015-06-24 00:00:00',1,0),(108449,1,1,10.00,'2015-06-24 00:00:00',1,0),(108450,1,1,10.00,'2015-06-24 00:00:00',1,0),(108451,1,1,10.00,'2015-06-24 00:00:00',1,0),(108452,1,1,10.00,'2015-06-24 00:00:00',1,0),(108453,1,1,10.00,'2015-06-24 00:00:00',1,0),(108454,1,1,10.00,'2015-06-24 00:00:00',1,0),(108455,1,1,10.00,'2015-06-24 00:00:00',1,0),(108456,1,1,10.00,'2015-06-24 00:00:00',1,0),(108457,1,1,10.00,'2015-06-24 00:00:00',1,0),(108458,1,1,10.00,'2015-06-24 00:00:00',1,0),(108459,1,1,10.00,'2015-06-24 00:00:00',1,0),(108460,1,1,10.00,'2015-06-24 00:00:00',1,0),(108461,1,1,10.00,'2015-06-24 00:00:00',1,0),(108462,1,1,10.00,'2015-06-24 00:00:00',1,0),(108463,1,1,10.00,'2015-06-24 00:00:00',1,0),(108464,1,1,10.00,'2015-06-24 00:00:00',1,0),(108465,1,1,10.00,'2015-06-24 00:00:00',1,0),(108466,1,1,10.00,'2015-06-24 00:00:00',1,0),(108467,1,1,10.00,'2015-06-24 00:00:00',1,0),(108468,1,1,10.00,'2015-06-24 00:00:00',1,0),(108469,1,1,10.00,'2015-06-24 00:00:00',1,0),(108470,1,1,10.00,'2015-06-24 00:00:00',1,0),(108471,1,1,10.00,'2015-06-24 00:00:00',1,0),(108472,1,1,10.00,'2015-06-24 00:00:00',1,0),(108473,1,1,10.00,'2015-06-24 00:00:00',1,0),(108474,1,1,10.00,'2015-06-24 00:00:00',1,0),(108475,1,1,10.00,'2015-06-24 00:00:00',1,0),(108476,1,1,10.00,'2015-06-24 00:00:00',1,0),(108477,1,1,10.00,'2015-06-24 00:00:00',1,0),(108478,1,1,10.00,'2015-06-24 00:00:00',1,0),(108479,1,1,10.00,'2015-06-24 00:00:00',1,0),(108480,1,1,10.00,'2015-06-24 00:00:00',1,0),(108481,1,1,10.00,'2015-06-24 00:00:00',1,0),(108482,1,1,10.00,'2015-06-24 00:00:00',1,0),(108483,1,1,10.00,'2015-06-24 00:00:00',1,0),(108484,1,1,10.00,'2015-06-24 00:00:00',1,0),(108485,1,1,10.00,'2015-06-24 00:00:00',1,0),(108486,1,1,10.00,'2015-06-24 00:00:00',1,0),(108487,1,1,10.00,'2015-06-24 00:00:00',1,0),(108488,1,1,10.00,'2015-06-24 00:00:00',1,0),(108489,1,1,10.00,'2015-06-24 00:00:00',1,0),(108490,1,1,10.00,'2015-06-24 00:00:00',1,0),(108491,1,1,10.00,'2015-06-24 00:00:00',1,0),(108492,1,1,10.00,'2015-06-24 00:00:00',1,0),(108493,1,1,10.00,'2015-06-24 00:00:00',1,0),(108494,1,1,10.00,'2015-06-24 00:00:00',1,0),(108495,1,1,10.00,'2015-06-24 00:00:00',1,0),(108496,1,1,10.00,'2015-06-24 00:00:00',1,0),(108497,1,1,10.00,'2015-06-24 00:00:00',1,0),(108498,1,1,10.00,'2015-06-24 00:00:00',1,0),(108499,1,1,10.00,'2015-06-24 00:00:00',1,0),(108500,1,1,10.00,'2015-06-24 00:00:00',1,0),(108501,1,1,10.00,'2015-06-24 00:00:00',1,0),(108502,1,1,10.00,'2015-06-24 00:00:00',1,0),(108503,1,1,10.00,'2015-06-24 00:00:00',1,0),(108504,1,1,10.00,'2015-06-24 00:00:00',1,0),(108505,1,1,10.00,'2015-06-24 00:00:00',1,0),(108506,1,1,10.00,'2015-06-24 00:00:00',1,0),(108507,1,1,10.00,'2015-06-24 00:00:00',1,0),(108508,1,1,10.00,'2015-06-24 00:00:00',1,0),(108509,1,1,10.00,'2015-06-24 00:00:00',1,0),(108510,1,1,10.00,'2015-06-24 00:00:00',1,0),(108511,1,1,10.00,'2015-06-24 00:00:00',1,0),(108512,1,1,10.00,'2015-06-24 00:00:00',1,0),(108513,1,1,10.00,'2015-06-24 00:00:00',1,0),(108514,1,1,10.00,'2015-06-24 00:00:00',1,0),(108515,1,1,10.00,'2015-06-24 00:00:00',1,0),(108516,1,1,10.00,'2015-06-24 00:00:00',1,0),(108517,1,1,10.00,'2015-06-24 00:00:00',1,0),(108518,1,1,10.00,'2015-06-24 00:00:00',1,0),(108519,1,1,10.00,'2015-06-24 00:00:00',1,0),(108520,1,1,10.00,'2015-06-24 00:00:00',1,0),(108521,1,1,10.00,'2015-06-24 00:00:00',1,0),(108522,1,1,10.00,'2015-06-24 00:00:00',1,0),(108523,1,1,10.00,'2015-06-24 00:00:00',1,0),(108524,1,1,10.00,'2015-06-24 00:00:00',1,0),(108525,1,1,10.00,'2015-06-24 00:00:00',1,0),(108526,1,1,10.00,'2015-06-24 00:00:00',1,0),(108527,1,1,10.00,'2015-06-24 00:00:00',1,0),(108528,1,1,10.00,'2015-06-24 00:00:00',1,0),(108529,1,1,10.00,'2015-06-24 00:00:00',1,0),(108530,1,1,10.00,'2015-06-24 00:00:00',1,0),(108531,1,1,10.00,'2015-06-24 00:00:00',1,0),(108532,1,1,10.00,'2015-06-24 00:00:00',1,0),(108533,1,1,10.00,'2015-06-24 00:00:00',1,0),(108534,1,1,10.00,'2015-06-24 00:00:00',1,0),(108535,1,1,10.00,'2015-06-24 00:00:00',1,0),(108536,1,1,10.00,'2015-06-24 00:00:00',1,0),(108537,1,1,10.00,'2015-06-24 00:00:00',1,0),(108538,1,1,10.00,'2015-06-24 00:00:00',1,0),(108539,1,1,10.00,'2015-06-24 00:00:00',1,0),(108540,1,1,10.00,'2015-06-24 00:00:00',1,0),(108541,1,1,10.00,'2015-06-24 00:00:00',1,0),(108542,1,1,10.00,'2015-06-24 00:00:00',1,0),(108543,1,1,10.00,'2015-06-24 00:00:00',1,0),(108544,1,1,10.00,'2015-06-24 00:00:00',1,0),(108545,1,1,10.00,'2015-06-24 00:00:00',1,0),(108546,1,1,10.00,'2015-06-24 00:00:00',1,0),(108547,1,1,10.00,'2015-06-24 00:00:00',1,0),(108548,1,1,10.00,'2015-06-24 00:00:00',1,0),(108549,1,1,10.00,'2015-06-24 00:00:00',1,0),(108550,1,1,10.00,'2015-06-24 00:00:00',1,0),(108551,1,1,10.00,'2015-06-24 00:00:00',1,0),(108552,1,1,10.00,'2015-06-24 00:00:00',1,0),(108553,1,1,10.00,'2015-06-24 00:00:00',1,0),(108554,1,1,10.00,'2015-06-24 00:00:00',1,0),(108555,1,1,10.00,'2015-06-24 00:00:00',1,0),(108556,1,1,10.00,'2015-06-24 00:00:00',1,0),(108557,1,1,10.00,'2015-06-24 00:00:00',1,0),(108558,1,1,10.00,'2015-06-24 00:00:00',1,0),(108559,1,1,10.00,'2015-06-24 00:00:00',1,0),(108560,1,1,10.00,'2015-06-24 00:00:00',1,0),(108561,1,1,10.00,'2015-06-24 00:00:00',1,0),(108562,1,1,10.00,'2015-06-24 00:00:00',1,0),(108563,1,1,10.00,'2015-06-24 00:00:00',1,0),(108564,1,1,10.00,'2015-06-24 00:00:00',1,0),(108565,1,1,10.00,'2015-06-24 00:00:00',1,0),(108566,1,1,10.00,'2015-06-24 00:00:00',1,0),(108567,1,1,10.00,'2015-06-24 00:00:00',1,0),(108568,1,1,10.00,'2015-06-24 00:00:00',1,0),(108569,1,1,10.00,'2015-06-24 00:00:00',1,0),(108570,1,1,10.00,'2015-06-24 00:00:00',1,0),(108571,1,1,10.00,'2015-06-24 00:00:00',1,0),(108572,1,1,10.00,'2015-06-24 00:00:00',1,0),(108573,1,1,10.00,'2015-06-24 00:00:00',1,0),(108574,1,1,10.00,'2015-06-24 00:00:00',1,0),(108575,1,1,10.00,'2015-06-24 00:00:00',1,0),(108576,1,1,10.00,'2015-06-24 00:00:00',1,0),(108577,1,1,10.00,'2015-06-24 00:00:00',1,0),(108578,1,1,10.00,'2015-06-24 00:00:00',1,0),(108579,1,1,10.00,'2015-06-24 00:00:00',1,0),(108580,1,1,10.00,'2015-06-24 00:00:00',1,0),(108581,1,1,10.00,'2015-06-24 00:00:00',1,0),(108582,1,1,10.00,'2015-06-24 00:00:00',1,0),(108583,1,1,10.00,'2015-06-24 00:00:00',1,0),(108584,1,1,10.00,'2015-06-24 00:00:00',1,0),(108585,1,1,10.00,'2015-06-24 00:00:00',1,0),(108586,1,1,10.00,'2015-06-24 00:00:00',1,0),(108587,1,1,10.00,'2015-06-24 00:00:00',1,0),(108588,1,1,10.00,'2015-06-24 00:00:00',1,0),(108589,1,1,10.00,'2015-06-24 00:00:00',1,0),(108590,1,1,10.00,'2015-06-24 00:00:00',1,0),(108591,1,1,10.00,'2015-06-24 00:00:00',1,0),(108592,1,1,10.00,'2015-06-24 00:00:00',1,0),(108593,1,1,10.00,'2015-06-24 00:00:00',1,0),(108594,1,1,10.00,'2015-06-24 00:00:00',1,0),(108595,1,1,10.00,'2015-06-24 00:00:00',1,0),(108596,1,1,10.00,'2015-06-24 00:00:00',1,0),(108597,1,1,10.00,'2015-06-24 00:00:00',1,0),(108598,1,1,10.00,'2015-06-24 00:00:00',1,0),(108599,1,1,10.00,'2015-06-24 00:00:00',1,0),(108600,1,1,10.00,'2015-06-24 00:00:00',1,0),(108601,1,1,10.00,'2015-06-24 00:00:00',1,0),(108602,1,1,10.00,'2015-06-24 00:00:00',1,0),(108603,1,1,10.00,'2015-06-24 00:00:00',1,0),(108604,1,1,10.00,'2015-06-24 00:00:00',1,0),(108605,1,1,10.00,'2015-06-24 00:00:00',1,0),(108606,1,1,10.00,'2015-06-24 00:00:00',1,0),(108607,1,1,10.00,'2015-06-24 00:00:00',1,0),(108608,1,1,10.00,'2015-06-24 00:00:00',1,0),(108609,1,1,10.00,'2015-06-24 00:00:00',1,0),(108610,1,1,10.00,'2015-06-24 00:00:00',1,0),(108611,1,1,10.00,'2015-06-24 00:00:00',1,0),(108612,1,1,10.00,'2015-06-24 00:00:00',1,0),(108613,1,1,10.00,'2015-06-24 00:00:00',1,0),(108614,1,1,10.00,'2015-06-24 00:00:00',1,0),(108615,1,1,10.00,'2015-06-24 00:00:00',1,0),(108616,1,1,10.00,'2015-06-24 00:00:00',1,0),(108617,1,1,10.00,'2015-06-24 00:00:00',1,0),(108618,1,1,10.00,'2015-06-24 00:00:00',1,0),(108619,1,1,10.00,'2015-06-24 00:00:00',1,0),(108620,1,1,10.00,'2015-06-24 00:00:00',1,0),(108621,1,1,10.00,'2015-06-24 00:00:00',1,0),(108622,1,1,10.00,'2015-06-24 00:00:00',1,0),(108623,1,1,10.00,'2015-06-24 00:00:00',1,0),(108624,1,1,10.00,'2015-06-24 00:00:00',1,0),(108625,1,1,10.00,'2015-06-24 00:00:00',1,0),(108626,1,1,10.00,'2015-06-24 00:00:00',1,0),(108627,1,1,10.00,'2015-06-24 00:00:00',1,0),(108628,1,1,10.00,'2015-06-24 00:00:00',1,0),(108629,1,1,10.00,'2015-06-24 00:00:00',1,0),(108630,1,1,10.00,'2015-06-24 00:00:00',1,0),(108631,1,1,10.00,'2015-06-24 00:00:00',1,0),(108632,1,1,10.00,'2015-06-24 00:00:00',1,0),(108633,1,1,10.00,'2015-06-24 00:00:00',1,0),(108634,1,1,10.00,'2015-06-24 00:00:00',1,0),(108635,1,1,10.00,'2015-06-24 00:00:00',1,0),(108636,1,1,10.00,'2015-06-24 00:00:00',1,0),(108637,1,1,10.00,'2015-06-24 00:00:00',1,0),(108638,1,1,10.00,'2015-06-24 00:00:00',1,0),(108639,1,1,10.00,'2015-06-24 00:00:00',1,0),(108640,1,1,10.00,'2015-06-24 00:00:00',1,0),(108641,1,1,10.00,'2015-06-24 00:00:00',1,0),(108642,1,1,10.00,'2015-06-24 00:00:00',1,0),(108643,1,1,10.00,'2015-06-24 00:00:00',1,0),(108644,1,1,10.00,'2015-06-24 00:00:00',1,0),(108645,1,1,10.00,'2015-06-24 00:00:00',1,0),(108646,1,1,10.00,'2015-06-24 00:00:00',1,0),(108647,1,1,10.00,'2015-06-24 00:00:00',1,0),(108648,1,1,10.00,'2015-06-24 00:00:00',1,0),(108649,1,1,10.00,'2015-06-24 00:00:00',1,0),(108650,1,1,10.00,'2015-06-24 00:00:00',1,0),(108651,1,1,10.00,'2015-06-24 00:00:00',1,0),(108652,1,1,10.00,'2015-06-24 00:00:00',1,0),(108653,1,1,10.00,'2015-06-24 00:00:00',1,0),(108654,1,1,10.00,'2015-06-24 00:00:00',1,0),(108655,1,1,10.00,'2015-06-24 00:00:00',1,0),(108656,1,1,10.00,'2015-06-24 00:00:00',1,0),(108657,1,1,10.00,'2015-06-24 00:00:00',1,0),(108658,1,1,10.00,'2015-06-24 00:00:00',1,0),(108659,1,1,10.00,'2015-06-24 00:00:00',1,0),(108660,1,1,10.00,'2015-06-24 00:00:00',1,0),(108661,1,1,10.00,'2015-06-24 00:00:00',1,0),(108662,1,1,10.00,'2015-06-24 00:00:00',1,0),(108663,1,1,10.00,'2015-06-24 00:00:00',1,0),(108664,1,1,10.00,'2015-06-24 00:00:00',1,0),(108665,1,1,10.00,'2015-06-24 00:00:00',1,0),(108666,1,1,10.00,'2015-06-24 00:00:00',1,0),(108667,1,1,10.00,'2015-06-24 00:00:00',1,0),(108668,1,1,10.00,'2015-06-24 00:00:00',1,0),(108669,1,1,10.00,'2015-06-24 00:00:00',1,0),(108670,1,1,10.00,'2015-06-24 00:00:00',1,0),(108671,1,1,10.00,'2015-06-24 00:00:00',1,0),(108672,1,1,10.00,'2015-06-24 00:00:00',1,0),(108673,1,1,10.00,'2015-06-24 00:00:00',1,0),(108674,1,1,10.00,'2015-06-24 00:00:00',1,0),(108675,1,1,10.00,'2015-06-24 00:00:00',1,0),(108676,1,1,10.00,'2015-06-24 00:00:00',1,0),(108677,1,1,10.00,'2015-06-24 00:00:00',1,0),(108678,1,1,10.00,'2015-06-24 00:00:00',1,0),(108679,1,1,10.00,'2015-06-24 00:00:00',1,0),(108680,1,1,10.00,'2015-06-24 00:00:00',1,0),(108681,1,1,10.00,'2015-06-24 00:00:00',1,0),(108682,1,1,10.00,'2015-06-24 00:00:00',1,0),(108683,1,1,10.00,'2015-06-24 00:00:00',1,0),(108684,1,1,10.00,'2015-06-24 00:00:00',1,0),(108685,1,1,10.00,'2015-06-24 00:00:00',1,0),(108686,1,1,10.00,'2015-06-24 00:00:00',1,0),(108687,1,1,10.00,'2015-06-24 00:00:00',1,0),(108688,1,1,10.00,'2015-06-24 00:00:00',1,0),(108689,1,1,10.00,'2015-06-24 00:00:00',1,0),(108690,1,1,10.00,'2015-06-24 00:00:00',1,0),(108691,1,1,10.00,'2015-06-24 00:00:00',1,0),(108692,1,1,10.00,'2015-06-24 00:00:00',1,0),(108693,1,1,10.00,'2015-06-24 00:00:00',1,0),(108694,1,1,10.00,'2015-06-24 00:00:00',1,0),(108695,1,1,10.00,'2015-06-24 00:00:00',1,0),(108696,1,1,10.00,'2015-06-24 00:00:00',1,0),(108697,1,1,10.00,'2015-06-24 00:00:00',1,0),(108698,1,1,10.00,'2015-06-24 00:00:00',1,0),(108699,1,1,10.00,'2015-06-24 00:00:00',1,0),(108700,1,1,10.00,'2015-06-24 00:00:00',1,0),(108701,1,1,10.00,'2015-06-24 00:00:00',1,0),(108702,1,1,10.00,'2015-06-24 00:00:00',1,0),(108703,1,1,10.00,'2015-06-24 00:00:00',1,0),(108704,1,1,10.00,'2015-06-24 00:00:00',1,0),(108705,1,1,10.00,'2015-06-24 00:00:00',1,0),(108706,1,1,10.00,'2015-06-24 00:00:00',1,0),(108707,1,1,10.00,'2015-06-24 00:00:00',1,0),(108708,1,1,10.00,'2015-06-24 00:00:00',1,0),(108709,1,1,10.00,'2015-06-24 00:00:00',1,0),(108710,1,1,10.00,'2015-06-24 00:00:00',1,0),(108711,1,1,10.00,'2015-06-24 00:00:00',1,0),(108712,1,1,10.00,'2015-06-24 00:00:00',1,0),(108713,1,1,10.00,'2015-06-24 00:00:00',1,0),(108714,1,1,10.00,'2015-06-24 00:00:00',1,0),(108715,1,1,10.00,'2015-06-24 00:00:00',1,0),(108716,1,1,10.00,'2015-06-24 00:00:00',1,0),(108717,1,1,10.00,'2015-06-24 00:00:00',1,0),(108718,1,1,10.00,'2015-06-24 00:00:00',1,0),(108719,1,1,10.00,'2015-06-24 00:00:00',1,0),(108720,1,1,10.00,'2015-06-24 00:00:00',1,0),(108721,1,1,10.00,'2015-06-24 00:00:00',1,0),(108722,1,1,10.00,'2015-06-24 00:00:00',1,0),(108723,1,1,10.00,'2015-06-24 00:00:00',1,0),(108724,1,1,10.00,'2015-06-24 00:00:00',1,0),(108725,1,1,10.00,'2015-06-24 00:00:00',1,0),(108726,1,1,10.00,'2015-06-24 00:00:00',1,0),(108727,1,1,10.00,'2015-06-24 00:00:00',1,0),(108728,1,1,10.00,'2015-06-24 00:00:00',1,0),(108729,1,1,10.00,'2015-06-24 00:00:00',1,0),(108730,1,1,10.00,'2015-06-24 00:00:00',1,0),(108731,1,1,10.00,'2015-06-24 00:00:00',1,0),(108732,1,1,10.00,'2015-06-24 00:00:00',1,0),(108733,1,1,10.00,'2015-06-24 00:00:00',1,0),(108734,1,1,10.00,'2015-06-24 00:00:00',1,0),(108735,1,1,10.00,'2015-06-24 00:00:00',1,0),(108736,1,1,10.00,'2015-06-24 00:00:00',1,0),(108737,1,1,10.00,'2015-06-24 00:00:00',1,0),(108738,1,1,10.00,'2015-06-24 00:00:00',1,0),(108739,1,1,10.00,'2015-06-24 00:00:00',1,0),(108740,1,1,10.00,'2015-06-24 00:00:00',1,0),(108741,1,1,10.00,'2015-06-24 00:00:00',1,0),(108742,1,1,10.00,'2015-06-24 00:00:00',1,0),(108743,1,1,10.00,'2015-06-24 00:00:00',1,0),(108744,1,1,10.00,'2015-06-24 00:00:00',1,0),(108745,1,1,10.00,'2015-06-24 00:00:00',1,0),(108746,1,1,10.00,'2015-06-24 00:00:00',1,0),(108747,1,1,10.00,'2015-06-24 00:00:00',1,0),(108748,1,1,10.00,'2015-06-24 00:00:00',1,0),(108749,1,1,10.00,'2015-06-24 00:00:00',1,0),(108750,1,1,10.00,'2015-06-24 00:00:00',1,0),(108751,1,1,10.00,'2015-06-24 00:00:00',1,0),(108752,1,1,10.00,'2015-06-24 00:00:00',1,0),(108753,1,1,10.00,'2015-06-24 00:00:00',1,0),(108754,1,1,10.00,'2015-06-24 00:00:00',1,0),(108755,1,1,10.00,'2015-06-24 00:00:00',1,0),(108756,1,1,10.00,'2015-06-24 00:00:00',1,0),(108757,1,1,10.00,'2015-06-24 00:00:00',1,0),(108758,1,1,10.00,'2015-06-24 00:00:00',1,0),(108759,1,1,10.00,'2015-06-24 00:00:00',1,0),(108760,1,1,10.00,'2015-06-24 00:00:00',1,0),(108761,1,1,10.00,'2015-06-24 00:00:00',1,0),(108762,1,1,10.00,'2015-06-24 00:00:00',1,0),(108763,1,1,10.00,'2015-06-24 00:00:00',1,0),(108764,1,1,10.00,'2015-06-24 00:00:00',1,0),(108765,1,1,10.00,'2015-06-24 00:00:00',1,0),(108766,1,1,10.00,'2015-06-24 00:00:00',1,0),(108767,1,1,10.00,'2015-06-24 00:00:00',1,0),(108768,1,1,10.00,'2015-06-24 00:00:00',1,0),(108769,1,1,10.00,'2015-06-24 00:00:00',1,0),(108770,1,1,10.00,'2015-06-24 00:00:00',1,0),(108771,1,1,10.00,'2015-06-24 00:00:00',1,0),(108772,1,1,10.00,'2015-06-24 00:00:00',1,0),(108773,1,1,10.00,'2015-06-24 00:00:00',1,0),(108774,1,1,10.00,'2015-06-24 00:00:00',1,0),(108775,1,1,10.00,'2015-06-24 00:00:00',1,0),(108776,1,1,10.00,'2015-06-24 00:00:00',1,0),(108777,1,1,10.00,'2015-06-24 00:00:00',1,0),(108778,1,1,10.00,'2015-06-24 00:00:00',1,0),(108779,1,1,10.00,'2015-06-24 00:00:00',1,0),(108780,1,1,10.00,'2015-06-24 00:00:00',1,0),(108781,1,1,10.00,'2015-06-24 00:00:00',1,0),(108782,1,1,10.00,'2015-06-24 00:00:00',1,0),(108783,1,1,10.00,'2015-06-24 00:00:00',1,0),(108784,1,1,10.00,'2015-06-24 00:00:00',1,0),(108785,1,1,10.00,'2015-06-24 00:00:00',1,0),(108786,1,1,10.00,'2015-06-24 00:00:00',1,0),(108787,1,1,10.00,'2015-06-24 00:00:00',1,0),(108788,1,1,10.00,'2015-06-24 00:00:00',1,0),(108789,1,1,10.00,'2015-06-24 00:00:00',1,0),(108790,1,1,10.00,'2015-06-24 00:00:00',1,0),(108791,1,1,10.00,'2015-06-24 00:00:00',1,0),(108792,1,1,10.00,'2015-06-24 00:00:00',1,0),(108793,1,1,10.00,'2015-06-24 00:00:00',1,0),(108794,1,1,10.00,'2015-06-24 00:00:00',1,0),(108795,1,1,10.00,'2015-06-24 00:00:00',1,0),(108796,1,1,10.00,'2015-06-24 00:00:00',1,0),(108797,1,1,10.00,'2015-06-24 00:00:00',1,0),(108798,1,1,10.00,'2015-06-24 00:00:00',1,0),(108799,1,1,10.00,'2015-06-24 00:00:00',1,0),(108800,1,1,10.00,'2015-06-24 00:00:00',1,0),(108801,1,1,10.00,'2015-06-24 00:00:00',1,0),(108802,1,1,10.00,'2015-06-24 00:00:00',1,0),(108803,1,1,10.00,'2015-06-24 00:00:00',1,0),(108804,1,1,10.00,'2015-06-24 00:00:00',1,0),(108805,1,1,10.00,'2015-06-24 00:00:00',1,0),(108806,1,1,10.00,'2015-06-24 00:00:00',1,0),(108807,1,1,10.00,'2015-06-24 00:00:00',1,0),(108808,1,1,10.00,'2015-06-24 00:00:00',1,0),(108809,1,1,10.00,'2015-06-24 00:00:00',1,0),(108810,1,1,10.00,'2015-06-24 00:00:00',1,0),(108811,1,1,10.00,'2015-06-24 00:00:00',1,0),(108812,1,1,10.00,'2015-06-24 00:00:00',1,0),(108813,1,1,10.00,'2015-06-24 00:00:00',1,0),(108814,1,1,10.00,'2015-06-24 00:00:00',1,0),(108815,1,1,10.00,'2015-06-24 00:00:00',1,0),(108816,1,1,10.00,'2015-06-24 00:00:00',1,0),(108817,1,1,10.00,'2015-06-24 00:00:00',1,0),(108818,1,1,10.00,'2015-06-24 00:00:00',1,0),(108819,1,1,10.00,'2015-06-24 00:00:00',1,0),(108820,1,1,10.00,'2015-06-24 00:00:00',1,0),(108821,1,1,10.00,'2015-06-24 00:00:00',1,0),(108822,1,1,10.00,'2015-06-24 00:00:00',1,0),(108823,1,1,10.00,'2015-06-24 00:00:00',1,0),(108824,1,1,10.00,'2015-06-24 00:00:00',1,0),(108825,1,1,10.00,'2015-06-24 00:00:00',1,0),(108826,1,1,10.00,'2015-06-24 00:00:00',1,0),(108827,1,1,10.00,'2015-06-24 00:00:00',1,0),(108828,1,1,10.00,'2015-06-24 00:00:00',1,0),(108829,1,1,10.00,'2015-06-24 00:00:00',1,0),(108830,1,1,10.00,'2015-06-24 00:00:00',1,0),(108831,1,1,10.00,'2015-06-24 00:00:00',1,0),(108832,1,1,10.00,'2015-06-24 00:00:00',1,0),(108833,1,1,10.00,'2015-06-24 00:00:00',1,0),(108834,1,1,10.00,'2015-06-24 00:00:00',1,0),(108835,1,1,10.00,'2015-06-24 00:00:00',1,0),(108836,1,1,10.00,'2015-06-24 00:00:00',1,0),(108837,1,1,10.00,'2015-06-24 00:00:00',1,0),(108838,1,1,10.00,'2015-06-24 00:00:00',1,0),(108839,1,1,10.00,'2015-06-24 00:00:00',1,0),(108840,1,1,10.00,'2015-06-24 00:00:00',1,0),(108841,1,1,10.00,'2015-06-24 00:00:00',1,0),(108842,1,1,10.00,'2015-06-24 00:00:00',1,0),(108843,1,1,10.00,'2015-06-24 00:00:00',1,0),(108844,1,1,10.00,'2015-06-24 00:00:00',1,0),(108845,1,1,10.00,'2015-06-24 00:00:00',1,0),(108846,1,1,10.00,'2015-06-24 00:00:00',1,0),(108847,1,1,10.00,'2015-06-24 00:00:00',1,0),(108848,1,1,10.00,'2015-06-24 00:00:00',1,0),(108849,1,1,10.00,'2015-06-24 00:00:00',1,0),(108850,1,1,10.00,'2015-06-24 00:00:00',1,0),(108851,1,1,10.00,'2015-06-24 00:00:00',1,0),(108852,1,1,10.00,'2015-06-24 00:00:00',1,0),(108853,1,1,10.00,'2015-06-24 00:00:00',1,0),(108854,1,1,10.00,'2015-06-24 00:00:00',1,0),(108855,1,1,10.00,'2015-06-24 00:00:00',1,0),(108856,1,1,10.00,'2015-06-24 00:00:00',1,0),(108857,1,1,10.00,'2015-06-24 00:00:00',1,0),(108858,1,1,10.00,'2015-06-24 00:00:00',1,0),(108859,1,1,10.00,'2015-06-24 00:00:00',1,0),(108860,1,1,10.00,'2015-06-24 00:00:00',1,0),(108861,1,1,10.00,'2015-06-24 00:00:00',1,0),(108862,1,1,10.00,'2015-06-24 00:00:00',1,0),(108863,1,1,10.00,'2015-06-24 00:00:00',1,0),(108864,1,1,10.00,'2015-06-24 00:00:00',1,0),(108865,1,1,10.00,'2015-06-24 00:00:00',1,0),(108866,1,1,10.00,'2015-06-24 00:00:00',1,0),(108867,1,1,10.00,'2015-06-24 00:00:00',1,0),(108868,1,1,10.00,'2015-06-24 00:00:00',1,0),(108869,1,1,10.00,'2015-06-24 00:00:00',1,0),(108870,1,1,10.00,'2015-06-24 00:00:00',1,0),(108871,1,1,10.00,'2015-06-24 00:00:00',1,0),(108872,1,1,10.00,'2015-06-24 00:00:00',1,0),(108873,1,1,10.00,'2015-06-24 00:00:00',1,0),(108874,1,1,10.00,'2015-06-24 00:00:00',1,0),(108875,1,1,10.00,'2015-06-24 00:00:00',1,0),(108876,1,1,10.00,'2015-06-24 00:00:00',1,0),(108877,1,1,10.00,'2015-06-24 00:00:00',1,0),(108878,1,1,10.00,'2015-06-24 00:00:00',1,0),(108879,1,1,10.00,'2015-06-24 00:00:00',1,0),(108880,1,1,10.00,'2015-06-24 00:00:00',1,0),(108881,1,1,10.00,'2015-06-24 00:00:00',1,0),(108882,1,1,10.00,'2015-06-24 00:00:00',1,0),(108883,1,1,10.00,'2015-06-24 00:00:00',1,0),(108884,1,1,10.00,'2015-06-24 00:00:00',1,0),(108885,1,1,10.00,'2015-06-24 00:00:00',1,0),(108886,1,1,10.00,'2015-06-24 00:00:00',1,0),(108887,1,1,10.00,'2015-06-24 00:00:00',1,0),(108888,1,1,10.00,'2015-06-24 00:00:00',1,0),(108889,1,1,10.00,'2015-06-24 00:00:00',1,0),(108890,1,1,10.00,'2015-06-24 00:00:00',1,0),(108891,1,1,10.00,'2015-06-24 00:00:00',1,0),(108892,1,1,10.00,'2015-06-24 00:00:00',1,0),(108893,1,1,10.00,'2015-06-24 00:00:00',1,0);
/*!40000 ALTER TABLE `ordini` ENABLE KEYS */;
UNLOCK TABLES;

--
-- Table structure for table `prodotti`
--

DROP TABLE IF EXISTS `prodotti`;
/*!40101 SET @saved_cs_client     = @@character_set_client */;
/*!40101 SET character_set_client = utf8 */;
CREATE TABLE `prodotti` (
  `id_prodotto` int(10) unsigned NOT NULL AUTO_INCREMENT,
  `codice` varchar(45) NOT NULL,
  `descrizione` varchar(100) NOT NULL,
  `prezzo` decimal(10,2) NOT NULL,
  `version` int(11) DEFAULT '0',
  PRIMARY KEY (`id_prodotto`)
) ENGINE=InnoDB AUTO_INCREMENT=5 DEFAULT CHARSET=latin1;
/*!40101 SET character_set_client = @saved_cs_client */;

--
-- Dumping data for table `prodotti`
--

LOCK TABLES `prodotti` WRITE;
/*!40000 ALTER TABLE `prodotti` DISABLE KEYS */;
INSERT INTO `prodotti` VALUES (1,'HDGM2B','PROD1',12.00,0),(2,'PROD1','PROD1',12.00,0),(4,'PRD02','PRD02',100.00,0);
/*!40000 ALTER TABLE `prodotti` ENABLE KEYS */;
UNLOCK TABLES;

--
-- Table structure for table `prodotti_ordini`
--

DROP TABLE IF EXISTS `prodotti_ordini`;
/*!40101 SET @saved_cs_client     = @@character_set_client */;
/*!40101 SET character_set_client = utf8 */;
CREATE TABLE `prodotti_ordini` (
  `prodotti_id_prodotto` int(11) NOT NULL,
  `ordinis_id_ordine` int(11) NOT NULL,
  PRIMARY KEY (`prodotti_id_prodotto`,`ordinis_id_ordine`),
  UNIQUE KEY `UK_qio40xf6heeuwuwcks0s0wix0` (`ordinis_id_ordine`)
) ENGINE=InnoDB DEFAULT CHARSET=latin1;
/*!40101 SET character_set_client = @saved_cs_client */;

--
-- Dumping data for table `prodotti_ordini`
--

LOCK TABLES `prodotti_ordini` WRITE;
/*!40000 ALTER TABLE `prodotti_ordini` DISABLE KEYS */;
/*!40000 ALTER TABLE `prodotti_ordini` ENABLE KEYS */;
UNLOCK TABLES;

--
-- Table structure for table `province`
--

DROP TABLE IF EXISTS `province`;
/*!40101 SET @saved_cs_client     = @@character_set_client */;
/*!40101 SET character_set_client = utf8 */;
CREATE TABLE `province` (
  `id_provincia` int(10) unsigned NOT NULL AUTO_INCREMENT,
  `codice` varchar(45) NOT NULL,
  `nome_citta` varchar(45) NOT NULL DEFAULT '',
  `id_regione` int(10) unsigned NOT NULL DEFAULT '0',
  `department_id_regione` int(11) DEFAULT NULL,
  PRIMARY KEY (`id_provincia`),
  KEY `fk_regione` (`id_regione`),
  CONSTRAINT `fk_regione` FOREIGN KEY (`id_regione`) REFERENCES `regioni` (`id_regione`) ON DELETE CASCADE ON UPDATE CASCADE
) ENGINE=InnoDB AUTO_INCREMENT=126 DEFAULT CHARSET=latin1 COMMENT='Tabella contenente i nomi delle citt.';
/*!40101 SET character_set_client = @saved_cs_client */;

--
-- Dumping data for table `province`
--

LOCK TABLES `province` WRITE;
/*!40000 ALTER TABLE `province` DISABLE KEYS */;
INSERT INTO `province` VALUES (2,'AQ','Aquila',22,NULL),(3,'CH','Chieti',22,NULL),(4,'PE','Pescara',22,NULL),(5,'TE','Teramo',22,NULL),(6,'MT','Matera',23,NULL),(7,'PZ','Potenza',23,NULL),(8,'CZ','Catanzaro',24,NULL),(9,'CS','Cosenza',24,NULL),(10,'KR','Crotone',24,NULL),(11,'RC','Reggio',24,NULL),(12,'VV','Vibo',24,NULL),(13,'AV','Avellino',25,NULL),(14,'BN','Benevento',25,NULL),(15,'CE','Caserta',25,NULL),(16,'NA','Napoli',25,NULL),(17,'SA','Salerno',25,NULL),(18,'BO','Bologna',26,NULL),(19,'FE','Ferrara',26,NULL),(20,'FC','Forl-Cesena',26,NULL),(21,'MO','Modena',26,NULL),(22,'PR','Parma',26,NULL),(23,'PC','Piacenza',26,NULL),(24,'RA','Ravenna',26,NULL),(25,'RE','Reggio Emilia',26,NULL),(26,'RN','Rimini',26,NULL),(27,'GO','Gorizia',27,NULL),(28,'PN','Pordenone',27,NULL),(29,'TS','Trieste',27,NULL),(30,'UD','Udine',27,NULL),(31,'FR','Frosinone',28,NULL),(32,'LT','Latina',28,NULL),(33,'RI','Rieti',28,NULL),(34,'RM','Roma',28,NULL),(35,'VT','Viterbo',28,NULL),(36,'GE','Genova',29,NULL),(37,'IM','Imperia',29,NULL),(38,'SP','Provincia della Spezia',29,NULL),(39,'SV','Savona',29,NULL),(40,'BG','Bergamo',30,NULL),(41,'BS','Brescia',30,NULL),(42,'CO','Como',30,NULL),(43,'CR','Cremona',30,NULL),(44,'LC','Lecco',30,NULL),(45,'LO','Lodi',30,NULL),(46,'MN','Mantova',30,NULL),(47,'MI','Milano',30,NULL),(48,'MB','Monza e della Brianza',30,NULL),(49,'PV','Pavia',30,NULL),(50,'SO','Sondrio',30,NULL),(51,'VA','Varese',30,NULL),(52,'AN','Ancona',31,NULL),(53,'AP','Ascoli',31,NULL),(54,'FM','Fermo ',31,NULL),(55,'MC','Macerata',31,NULL),(56,'PU','Pesaro e Urbino',31,NULL),(57,'CB','Campobasso',32,NULL),(58,'IS','Iserni',32,NULL),(59,'AL','Alessandria',33,NULL),(60,'AT','Asti',33,NULL),(61,'BI','Biella',33,NULL),(62,'CN','Cuneo',33,NULL),(63,'NO','Novara',33,NULL),(64,'TO','Torino',33,NULL),(65,'VB','Provincia',33,NULL),(66,'VC','Vercelli',33,NULL),(67,'BA','Bari',34,NULL),(68,'BT','Barletta-Andria-Trani',34,NULL),(69,'BR','Brindisi',34,NULL),(70,'FG','Foggia',34,NULL),(71,'LE','Lecce',34,NULL),(72,'TA','Taranto',34,NULL),(73,'CA','Cagliari',35,NULL),(74,'CI','Carbonia-Iglesias',35,NULL),(75,'VS','Provincia del Medio Campidano',35,NULL),(76,'NU','Nuoro',35,NULL),(77,'OG','Provincia dell\'Ogliastra',35,NULL),(78,'OT','Olbia-Tempio',35,NULL),(79,'OR','Oristano',35,NULL),(80,'SS','Sassari',35,NULL),(81,'AG','Agrigento',36,NULL),(82,'CL','Caltanissetta',36,NULL),(83,'CT','Catania',36,NULL),(84,'EN','Enna',36,NULL),(85,'ME','Messina',36,NULL),(86,'PA','Palermo',36,NULL),(87,'RG','Ragusa',36,NULL),(88,'SR','Siracusa',36,NULL),(89,'TP','Trapani',36,NULL),(90,'AR','Arezzo',37,NULL),(91,'FI','Firenze',37,NULL),(92,'GR','Grosseto',37,NULL),(93,'LI','Livorno',37,NULL),(94,'LU','Lucca',37,NULL),(95,'MS','Massa-Carrara',37,NULL),(96,'PI','Pisa',37,NULL),(97,'PT','Pistoia',37,NULL),(98,'PO','Prato',37,NULL),(99,'SI','Siena',37,NULL),(100,'BZ','Bolzano',38,NULL),(101,'TN','Trento',38,NULL),(102,'PG','Perugia',39,NULL),(103,'TR','Terni',39,NULL),(104,'BL','Belluno',41,NULL),(105,'PD','Padova',41,NULL),(106,'RO','Rovigo',41,NULL),(107,'TV','Treviso',41,NULL),(108,'VE','Venezia',41,NULL),(109,'VR','Verona',41,NULL),(110,'VI','Vicenza',41,NULL),(124,'99','AAAAAA',75,NULL),(125,'99','AAAAAA',76,NULL);
/*!40000 ALTER TABLE `province` ENABLE KEYS */;
UNLOCK TABLES;

--
-- Table structure for table `regioni`
--

DROP TABLE IF EXISTS `regioni`;
/*!40101 SET @saved_cs_client     = @@character_set_client */;
/*!40101 SET character_set_client = utf8 */;
CREATE TABLE `regioni` (
  `id_regione` int(10) unsigned NOT NULL AUTO_INCREMENT,
  `codice` varchar(45) NOT NULL,
  PRIMARY KEY (`id_regione`)
) ENGINE=InnoDB AUTO_INCREMENT=77 DEFAULT CHARSET=latin1 COMMENT='Tabella contenente i nomi delle regioni';
/*!40101 SET character_set_client = @saved_cs_client */;

--
-- Dumping data for table `regioni`
--

LOCK TABLES `regioni` WRITE;
/*!40000 ALTER TABLE `regioni` DISABLE KEYS */;
INSERT INTO `regioni` VALUES (22,'Abruzzo'),(23,'Basilicata'),(24,'Calabria'),(25,'Campania'),(26,'Emilia-Romagna'),(27,'Friuli-Venezia Giulia'),(28,'Lazio'),(29,'Liguria'),(30,'Lombardia'),(31,'Marche'),(32,'Molise'),(33,'Piemonte'),(34,'Puglia'),(35,'Sardegna'),(36,'Sicilia'),(37,'Toscana'),(38,'Trentino-Alto Adige'),(39,'Umbria'),(40,'Valle D\'Aosta'),(41,'Veneto'),(75,'99'),(76,'99');
/*!40000 ALTER TABLE `regioni` ENABLE KEYS */;
UNLOCK TABLES;

--
-- Table structure for table `regioni_province`
--

DROP TABLE IF EXISTS `regioni_province`;
/*!40101 SET @saved_cs_client     = @@character_set_client */;
/*!40101 SET character_set_client = utf8 */;
CREATE TABLE `regioni_province` (
  `regioni_id_regione` int(11) NOT NULL,
  `districts_id_provincia` int(11) NOT NULL,
  PRIMARY KEY (`regioni_id_regione`,`districts_id_provincia`),
  UNIQUE KEY `UK_8b5yei2grf48px3eoh514wg6d` (`districts_id_provincia`)
) ENGINE=InnoDB DEFAULT CHARSET=latin1;
/*!40101 SET character_set_client = @saved_cs_client */;

--
-- Dumping data for table `regioni_province`
--

LOCK TABLES `regioni_province` WRITE;
/*!40000 ALTER TABLE `regioni_province` DISABLE KEYS */;
/*!40000 ALTER TABLE `regioni_province` ENABLE KEYS */;
UNLOCK TABLES;

--
-- Table structure for table `utenti`
--

DROP TABLE IF EXISTS `utenti`;
/*!40101 SET @saved_cs_client     = @@character_set_client */;
/*!40101 SET character_set_client = utf8 */;
CREATE TABLE `utenti` (
  `id_utente` int(10) unsigned NOT NULL AUTO_INCREMENT,
  `username` varchar(45) NOT NULL DEFAULT '',
  `password` varchar(45) NOT NULL DEFAULT '',
  `nome` varchar(45) NOT NULL DEFAULT '',
  `cognome` varchar(45) NOT NULL DEFAULT '',
  `citta` varchar(45) DEFAULT NULL,
  `via` varchar(100) DEFAULT NULL,
  `numero` varchar(45) DEFAULT NULL,
  `nazione` varchar(45) DEFAULT NULL,
  `codice_postale` int(10) unsigned DEFAULT '0',
  `email` varchar(45) NOT NULL,
  `id_provincia` int(10) unsigned DEFAULT '0',
  `id_regione` int(10) unsigned DEFAULT '0',
  `role` char(1) DEFAULT NULL,
  `version` int(11) DEFAULT '0',
  PRIMARY KEY (`id_utente`),
  KEY `fk_p` (`id_provincia`),
  KEY `fk_r` (`id_regione`),
  CONSTRAINT `fk_p` FOREIGN KEY (`id_provincia`) REFERENCES `province` (`id_provincia`),
  CONSTRAINT `fk_r` FOREIGN KEY (`id_regione`) REFERENCES `regioni` (`id_regione`)
) ENGINE=InnoDB AUTO_INCREMENT=7 DEFAULT CHARSET=latin1 COMMENT='Tabella di registrazione degli utenti.';
/*!40101 SET character_set_client = @saved_cs_client */;

--
-- Dumping data for table `utenti`
--

LOCK TABLES `utenti` WRITE;
/*!40000 ALTER TABLE `utenti` DISABLE KEYS */;
INSERT INTO `utenti` VALUES (1,'admin','admin','Ciccio','Rossini','Bologna','Indipendenza','11','Italia',40123,'pippo@me.com',18,26,'A',25),(6,'new_user','admin','Mario','Rossi','Bologna','Indipendenza','11','Italia',40123,'pippo@me.com',18,26,'A',0);
/*!40000 ALTER TABLE `utenti` ENABLE KEYS */;
UNLOCK TABLES;
/*!40103 SET TIME_ZONE=@OLD_TIME_ZONE */;

/*!40101 SET SQL_MODE=@OLD_SQL_MODE */;
/*!40014 SET FOREIGN_KEY_CHECKS=@OLD_FOREIGN_KEY_CHECKS */;
/*!40014 SET UNIQUE_CHECKS=@OLD_UNIQUE_CHECKS */;
/*!40101 SET CHARACTER_SET_CLIENT=@OLD_CHARACTER_SET_CLIENT */;
/*!40101 SET CHARACTER_SET_RESULTS=@OLD_CHARACTER_SET_RESULTS */;
/*!40101 SET COLLATION_CONNECTION=@OLD_COLLATION_CONNECTION */;
/*!40111 SET SQL_NOTES=@OLD_SQL_NOTES */;

-- Dump completed on 2016-11-20 14:25:32
